task_id,problem,language,branching_factor,max_programs,drafts_per_prompt,explanations_per_program,repairs_per_explanation,beam_width,log,lexicase_selection,dataset,model_name,run,offset
734001,Python/0,Python,2,100,2,2,2,2,INFO,False,humaneval,llama3,7,734000
734002,Python/1,Python,2,100,2,2,2,2,INFO,False,humaneval,llama3,7,734000
734003,Python/2,Python,2,100,2,2,2,2,INFO,False,humaneval,llama3,7,734000
734004,Python/3,Python,2,100,2,2,2,2,INFO,False,humaneval,llama3,7,734000
734005,Python/4,Python,2,100,2,2,2,2,INFO,False,humaneval,llama3,7,734000
734006,Python/5,Python,2,100,2,2,2,2,INFO,False,humaneval,llama3,7,734000
734007,Python/6,Python,2,100,2,2,2,2,INFO,False,humaneval,llama3,7,734000
734008,Python/7,Python,2,100,2,2,2,2,INFO,False,humaneval,llama3,7,734000
734009,Python/8,Python,2,100,2,2,2,2,INFO,False,humaneval,llama3,7,734000
734010,Python/9,Python,2,100,2,2,2,2,INFO,False,humaneval,llama3,7,734000
734011,Python/10,Python,2,100,2,2,2,2,INFO,False,humaneval,llama3,7,734000
734012,Python/11,Python,2,100,2,2,2,2,INFO,False,humaneval,llama3,7,734000
734013,Python/12,Python,2,100,2,2,2,2,INFO,False,humaneval,llama3,7,734000
734014,Python/13,Python,2,100,2,2,2,2,INFO,False,humaneval,llama3,7,734000
734015,Python/14,Python,2,100,2,2,2,2,INFO,False,humaneval,llama3,7,734000
734016,Python/15,Python,2,100,2,2,2,2,INFO,False,humaneval,llama3,7,734000
734017,Python/16,Python,2,100,2,2,2,2,INFO,False,humaneval,llama3,7,734000
734018,Python/17,Python,2,100,2,2,2,2,INFO,False,humaneval,llama3,7,734000
734019,Python/18,Python,2,100,2,2,2,2,INFO,False,humaneval,llama3,7,734000
734020,Python/19,Python,2,100,2,2,2,2,INFO,False,humaneval,llama3,7,734000
734021,Python/20,Python,2,100,2,2,2,2,INFO,False,humaneval,llama3,7,734000
734022,Python/21,Python,2,100,2,2,2,2,INFO,False,humaneval,llama3,7,734000
734023,Python/22,Python,2,100,2,2,2,2,INFO,False,humaneval,llama3,7,734000
734024,Python/23,Python,2,100,2,2,2,2,INFO,False,humaneval,llama3,7,734000
734025,Python/24,Python,2,100,2,2,2,2,INFO,False,humaneval,llama3,7,734000
734026,Python/25,Python,2,100,2,2,2,2,INFO,False,humaneval,llama3,7,734000
734027,Python/26,Python,2,100,2,2,2,2,INFO,False,humaneval,llama3,7,734000
734028,Python/27,Python,2,100,2,2,2,2,INFO,False,humaneval,llama3,7,734000
734029,Python/28,Python,2,100,2,2,2,2,INFO,False,humaneval,llama3,7,734000
734030,Python/29,Python,2,100,2,2,2,2,INFO,False,humaneval,llama3,7,734000
734031,Python/30,Python,2,100,2,2,2,2,INFO,False,humaneval,llama3,7,734000
734032,Python/31,Python,2,100,2,2,2,2,INFO,False,humaneval,llama3,7,734000
734033,Python/32,Python,2,100,2,2,2,2,INFO,False,humaneval,llama3,7,734000
734034,Python/33,Python,2,100,2,2,2,2,INFO,False,humaneval,llama3,7,734000
734035,Python/34,Python,2,100,2,2,2,2,INFO,False,humaneval,llama3,7,734000
734036,Python/35,Python,2,100,2,2,2,2,INFO,False,humaneval,llama3,7,734000
734037,Python/36,Python,2,100,2,2,2,2,INFO,False,humaneval,llama3,7,734000
734038,Python/37,Python,2,100,2,2,2,2,INFO,False,humaneval,llama3,7,734000
734039,Python/38,Python,2,100,2,2,2,2,INFO,False,humaneval,llama3,7,734000
734040,Python/39,Python,2,100,2,2,2,2,INFO,False,humaneval,llama3,7,734000
734041,Python/40,Python,2,100,2,2,2,2,INFO,False,humaneval,llama3,7,734000
734042,Python/41,Python,2,100,2,2,2,2,INFO,False,humaneval,llama3,7,734000
734043,Python/42,Python,2,100,2,2,2,2,INFO,False,humaneval,llama3,7,734000
734044,Python/43,Python,2,100,2,2,2,2,INFO,False,humaneval,llama3,7,734000
734045,Python/44,Python,2,100,2,2,2,2,INFO,False,humaneval,llama3,7,734000
734046,Python/45,Python,2,100,2,2,2,2,INFO,False,humaneval,llama3,7,734000
734047,Python/46,Python,2,100,2,2,2,2,INFO,False,humaneval,llama3,7,734000
734048,Python/47,Python,2,100,2,2,2,2,INFO,False,humaneval,llama3,7,734000
734049,Python/48,Python,2,100,2,2,2,2,INFO,False,humaneval,llama3,7,734000
734050,Python/49,Python,2,100,2,2,2,2,INFO,False,humaneval,llama3,7,734000
734051,Python/50,Python,2,100,2,2,2,2,INFO,False,humaneval,llama3,7,734000
734052,Python/51,Python,2,100,2,2,2,2,INFO,False,humaneval,llama3,7,734000
734053,Python/52,Python,2,100,2,2,2,2,INFO,False,humaneval,llama3,7,734000
734054,Python/53,Python,2,100,2,2,2,2,INFO,False,humaneval,llama3,7,734000
734055,Python/54,Python,2,100,2,2,2,2,INFO,False,humaneval,llama3,7,734000
734056,Python/55,Python,2,100,2,2,2,2,INFO,False,humaneval,llama3,7,734000
734057,Python/56,Python,2,100,2,2,2,2,INFO,False,humaneval,llama3,7,734000
734058,Python/57,Python,2,100,2,2,2,2,INFO,False,humaneval,llama3,7,734000
734059,Python/58,Python,2,100,2,2,2,2,INFO,False,humaneval,llama3,7,734000
734060,Python/59,Python,2,100,2,2,2,2,INFO,False,humaneval,llama3,7,734000
734061,Python/60,Python,2,100,2,2,2,2,INFO,False,humaneval,llama3,7,734000
734062,Python/61,Python,2,100,2,2,2,2,INFO,False,humaneval,llama3,7,734000
734063,Python/62,Python,2,100,2,2,2,2,INFO,False,humaneval,llama3,7,734000
734064,Python/63,Python,2,100,2,2,2,2,INFO,False,humaneval,llama3,7,734000
734065,Python/64,Python,2,100,2,2,2,2,INFO,False,humaneval,llama3,7,734000
734066,Python/65,Python,2,100,2,2,2,2,INFO,False,humaneval,llama3,7,734000
734067,Python/66,Python,2,100,2,2,2,2,INFO,False,humaneval,llama3,7,734000
734068,Python/67,Python,2,100,2,2,2,2,INFO,False,humaneval,llama3,7,734000
734069,Python/68,Python,2,100,2,2,2,2,INFO,False,humaneval,llama3,7,734000
734070,Python/69,Python,2,100,2,2,2,2,INFO,False,humaneval,llama3,7,734000
734071,Python/70,Python,2,100,2,2,2,2,INFO,False,humaneval,llama3,7,734000
734072,Python/71,Python,2,100,2,2,2,2,INFO,False,humaneval,llama3,7,734000
734073,Python/72,Python,2,100,2,2,2,2,INFO,False,humaneval,llama3,7,734000
734074,Python/73,Python,2,100,2,2,2,2,INFO,False,humaneval,llama3,7,734000
734075,Python/74,Python,2,100,2,2,2,2,INFO,False,humaneval,llama3,7,734000
734076,Python/75,Python,2,100,2,2,2,2,INFO,False,humaneval,llama3,7,734000
734077,Python/76,Python,2,100,2,2,2,2,INFO,False,humaneval,llama3,7,734000
734078,Python/77,Python,2,100,2,2,2,2,INFO,False,humaneval,llama3,7,734000
734079,Python/78,Python,2,100,2,2,2,2,INFO,False,humaneval,llama3,7,734000
734080,Python/79,Python,2,100,2,2,2,2,INFO,False,humaneval,llama3,7,734000
734081,Python/80,Python,2,100,2,2,2,2,INFO,False,humaneval,llama3,7,734000
734082,Python/81,Python,2,100,2,2,2,2,INFO,False,humaneval,llama3,7,734000
734083,Python/82,Python,2,100,2,2,2,2,INFO,False,humaneval,llama3,7,734000
734084,Python/83,Python,2,100,2,2,2,2,INFO,False,humaneval,llama3,7,734000
734085,Python/84,Python,2,100,2,2,2,2,INFO,False,humaneval,llama3,7,734000
734086,Python/85,Python,2,100,2,2,2,2,INFO,False,humaneval,llama3,7,734000
734087,Python/86,Python,2,100,2,2,2,2,INFO,False,humaneval,llama3,7,734000
734088,Python/87,Python,2,100,2,2,2,2,INFO,False,humaneval,llama3,7,734000
734089,Python/88,Python,2,100,2,2,2,2,INFO,False,humaneval,llama3,7,734000
734090,Python/89,Python,2,100,2,2,2,2,INFO,False,humaneval,llama3,7,734000
734091,Python/90,Python,2,100,2,2,2,2,INFO,False,humaneval,llama3,7,734000
734092,Python/91,Python,2,100,2,2,2,2,INFO,False,humaneval,llama3,7,734000
734093,Python/92,Python,2,100,2,2,2,2,INFO,False,humaneval,llama3,7,734000
734094,Python/93,Python,2,100,2,2,2,2,INFO,False,humaneval,llama3,7,734000
734095,Python/94,Python,2,100,2,2,2,2,INFO,False,humaneval,llama3,7,734000
734096,Python/95,Python,2,100,2,2,2,2,INFO,False,humaneval,llama3,7,734000
734097,Python/96,Python,2,100,2,2,2,2,INFO,False,humaneval,llama3,7,734000
734098,Python/97,Python,2,100,2,2,2,2,INFO,False,humaneval,llama3,7,734000
734099,Python/98,Python,2,100,2,2,2,2,INFO,False,humaneval,llama3,7,734000
734100,Python/99,Python,2,100,2,2,2,2,INFO,False,humaneval,llama3,7,734000
734101,Python/100,Python,2,100,2,2,2,2,INFO,False,humaneval,llama3,7,734000
734102,Python/101,Python,2,100,2,2,2,2,INFO,False,humaneval,llama3,7,734000
734103,Python/102,Python,2,100,2,2,2,2,INFO,False,humaneval,llama3,7,734000
734104,Python/103,Python,2,100,2,2,2,2,INFO,False,humaneval,llama3,7,734000
734105,Python/104,Python,2,100,2,2,2,2,INFO,False,humaneval,llama3,7,734000
734106,Python/105,Python,2,100,2,2,2,2,INFO,False,humaneval,llama3,7,734000
734107,Python/106,Python,2,100,2,2,2,2,INFO,False,humaneval,llama3,7,734000
734108,Python/107,Python,2,100,2,2,2,2,INFO,False,humaneval,llama3,7,734000
734109,Python/108,Python,2,100,2,2,2,2,INFO,False,humaneval,llama3,7,734000
734110,Python/109,Python,2,100,2,2,2,2,INFO,False,humaneval,llama3,7,734000
734111,Python/110,Python,2,100,2,2,2,2,INFO,False,humaneval,llama3,7,734000
734112,Python/111,Python,2,100,2,2,2,2,INFO,False,humaneval,llama3,7,734000
734113,Python/112,Python,2,100,2,2,2,2,INFO,False,humaneval,llama3,7,734000
734114,Python/113,Python,2,100,2,2,2,2,INFO,False,humaneval,llama3,7,734000
734115,Python/114,Python,2,100,2,2,2,2,INFO,False,humaneval,llama3,7,734000
734116,Python/115,Python,2,100,2,2,2,2,INFO,False,humaneval,llama3,7,734000
734117,Python/116,Python,2,100,2,2,2,2,INFO,False,humaneval,llama3,7,734000
734118,Python/117,Python,2,100,2,2,2,2,INFO,False,humaneval,llama3,7,734000
734119,Python/118,Python,2,100,2,2,2,2,INFO,False,humaneval,llama3,7,734000
734120,Python/119,Python,2,100,2,2,2,2,INFO,False,humaneval,llama3,7,734000
734121,Python/120,Python,2,100,2,2,2,2,INFO,False,humaneval,llama3,7,734000
734122,Python/121,Python,2,100,2,2,2,2,INFO,False,humaneval,llama3,7,734000
734123,Python/122,Python,2,100,2,2,2,2,INFO,False,humaneval,llama3,7,734000
734124,Python/123,Python,2,100,2,2,2,2,INFO,False,humaneval,llama3,7,734000
734125,Python/124,Python,2,100,2,2,2,2,INFO,False,humaneval,llama3,7,734000
734126,Python/125,Python,2,100,2,2,2,2,INFO,False,humaneval,llama3,7,734000
734127,Python/126,Python,2,100,2,2,2,2,INFO,False,humaneval,llama3,7,734000
734128,Python/127,Python,2,100,2,2,2,2,INFO,False,humaneval,llama3,7,734000
734129,Python/128,Python,2,100,2,2,2,2,INFO,False,humaneval,llama3,7,734000
734130,Python/129,Python,2,100,2,2,2,2,INFO,False,humaneval,llama3,7,734000
734131,Python/130,Python,2,100,2,2,2,2,INFO,False,humaneval,llama3,7,734000
734132,Python/131,Python,2,100,2,2,2,2,INFO,False,humaneval,llama3,7,734000
734133,Python/132,Python,2,100,2,2,2,2,INFO,False,humaneval,llama3,7,734000
734134,Python/133,Python,2,100,2,2,2,2,INFO,False,humaneval,llama3,7,734000
734135,Python/134,Python,2,100,2,2,2,2,INFO,False,humaneval,llama3,7,734000
734136,Python/135,Python,2,100,2,2,2,2,INFO,False,humaneval,llama3,7,734000
734137,Python/136,Python,2,100,2,2,2,2,INFO,False,humaneval,llama3,7,734000
734138,Python/137,Python,2,100,2,2,2,2,INFO,False,humaneval,llama3,7,734000
734139,Python/138,Python,2,100,2,2,2,2,INFO,False,humaneval,llama3,7,734000
734140,Python/139,Python,2,100,2,2,2,2,INFO,False,humaneval,llama3,7,734000
734141,Python/140,Python,2,100,2,2,2,2,INFO,False,humaneval,llama3,7,734000
734142,Python/141,Python,2,100,2,2,2,2,INFO,False,humaneval,llama3,7,734000
734143,Python/142,Python,2,100,2,2,2,2,INFO,False,humaneval,llama3,7,734000
734144,Python/143,Python,2,100,2,2,2,2,INFO,False,humaneval,llama3,7,734000
734145,Python/144,Python,2,100,2,2,2,2,INFO,False,humaneval,llama3,7,734000
734146,Python/145,Python,2,100,2,2,2,2,INFO,False,humaneval,llama3,7,734000
734147,Python/146,Python,2,100,2,2,2,2,INFO,False,humaneval,llama3,7,734000
734148,Python/147,Python,2,100,2,2,2,2,INFO,False,humaneval,llama3,7,734000
734149,Python/148,Python,2,100,2,2,2,2,INFO,False,humaneval,llama3,7,734000
734150,Python/149,Python,2,100,2,2,2,2,INFO,False,humaneval,llama3,7,734000
734151,Python/150,Python,2,100,2,2,2,2,INFO,False,humaneval,llama3,7,734000
734152,Python/151,Python,2,100,2,2,2,2,INFO,False,humaneval,llama3,7,734000
734153,Python/152,Python,2,100,2,2,2,2,INFO,False,humaneval,llama3,7,734000
734154,Python/153,Python,2,100,2,2,2,2,INFO,False,humaneval,llama3,7,734000
734155,Python/154,Python,2,100,2,2,2,2,INFO,False,humaneval,llama3,7,734000
734156,Python/155,Python,2,100,2,2,2,2,INFO,False,humaneval,llama3,7,734000
734157,Python/156,Python,2,100,2,2,2,2,INFO,False,humaneval,llama3,7,734000
734158,Python/157,Python,2,100,2,2,2,2,INFO,False,humaneval,llama3,7,734000
734159,Python/158,Python,2,100,2,2,2,2,INFO,False,humaneval,llama3,7,734000
734160,Python/159,Python,2,100,2,2,2,2,INFO,False,humaneval,llama3,7,734000
734161,Python/160,Python,2,100,2,2,2,2,INFO,False,humaneval,llama3,7,734000
734162,Python/161,Python,2,100,2,2,2,2,INFO,False,humaneval,llama3,7,734000
734163,Python/162,Python,2,100,2,2,2,2,INFO,False,humaneval,llama3,7,734000
734164,Python/163,Python,2,100,2,2,2,2,INFO,False,humaneval,llama3,7,734000
734165,Python/0,Python,4,100,4,2,4,4,INFO,False,humaneval,llama3,7,734000
734166,Python/1,Python,4,100,4,2,4,4,INFO,False,humaneval,llama3,7,734000
734167,Python/2,Python,4,100,4,2,4,4,INFO,False,humaneval,llama3,7,734000
734168,Python/3,Python,4,100,4,2,4,4,INFO,False,humaneval,llama3,7,734000
734169,Python/4,Python,4,100,4,2,4,4,INFO,False,humaneval,llama3,7,734000
734170,Python/5,Python,4,100,4,2,4,4,INFO,False,humaneval,llama3,7,734000
734171,Python/6,Python,4,100,4,2,4,4,INFO,False,humaneval,llama3,7,734000
734172,Python/7,Python,4,100,4,2,4,4,INFO,False,humaneval,llama3,7,734000
734173,Python/8,Python,4,100,4,2,4,4,INFO,False,humaneval,llama3,7,734000
734174,Python/9,Python,4,100,4,2,4,4,INFO,False,humaneval,llama3,7,734000
734175,Python/10,Python,4,100,4,2,4,4,INFO,False,humaneval,llama3,7,734000
734176,Python/11,Python,4,100,4,2,4,4,INFO,False,humaneval,llama3,7,734000
734177,Python/12,Python,4,100,4,2,4,4,INFO,False,humaneval,llama3,7,734000
734178,Python/13,Python,4,100,4,2,4,4,INFO,False,humaneval,llama3,7,734000
734179,Python/14,Python,4,100,4,2,4,4,INFO,False,humaneval,llama3,7,734000
734180,Python/15,Python,4,100,4,2,4,4,INFO,False,humaneval,llama3,7,734000
734181,Python/16,Python,4,100,4,2,4,4,INFO,False,humaneval,llama3,7,734000
734182,Python/17,Python,4,100,4,2,4,4,INFO,False,humaneval,llama3,7,734000
734183,Python/18,Python,4,100,4,2,4,4,INFO,False,humaneval,llama3,7,734000
734184,Python/19,Python,4,100,4,2,4,4,INFO,False,humaneval,llama3,7,734000
734185,Python/20,Python,4,100,4,2,4,4,INFO,False,humaneval,llama3,7,734000
734186,Python/21,Python,4,100,4,2,4,4,INFO,False,humaneval,llama3,7,734000
734187,Python/22,Python,4,100,4,2,4,4,INFO,False,humaneval,llama3,7,734000
734188,Python/23,Python,4,100,4,2,4,4,INFO,False,humaneval,llama3,7,734000
734189,Python/24,Python,4,100,4,2,4,4,INFO,False,humaneval,llama3,7,734000
734190,Python/25,Python,4,100,4,2,4,4,INFO,False,humaneval,llama3,7,734000
734191,Python/26,Python,4,100,4,2,4,4,INFO,False,humaneval,llama3,7,734000
734192,Python/27,Python,4,100,4,2,4,4,INFO,False,humaneval,llama3,7,734000
734193,Python/28,Python,4,100,4,2,4,4,INFO,False,humaneval,llama3,7,734000
734194,Python/29,Python,4,100,4,2,4,4,INFO,False,humaneval,llama3,7,734000
734195,Python/30,Python,4,100,4,2,4,4,INFO,False,humaneval,llama3,7,734000
734196,Python/31,Python,4,100,4,2,4,4,INFO,False,humaneval,llama3,7,734000
734197,Python/32,Python,4,100,4,2,4,4,INFO,False,humaneval,llama3,7,734000
734198,Python/33,Python,4,100,4,2,4,4,INFO,False,humaneval,llama3,7,734000
734199,Python/34,Python,4,100,4,2,4,4,INFO,False,humaneval,llama3,7,734000
734200,Python/35,Python,4,100,4,2,4,4,INFO,False,humaneval,llama3,7,734000
734201,Python/36,Python,4,100,4,2,4,4,INFO,False,humaneval,llama3,7,734000
734202,Python/37,Python,4,100,4,2,4,4,INFO,False,humaneval,llama3,7,734000
734203,Python/38,Python,4,100,4,2,4,4,INFO,False,humaneval,llama3,7,734000
734204,Python/39,Python,4,100,4,2,4,4,INFO,False,humaneval,llama3,7,734000
734205,Python/40,Python,4,100,4,2,4,4,INFO,False,humaneval,llama3,7,734000
734206,Python/41,Python,4,100,4,2,4,4,INFO,False,humaneval,llama3,7,734000
734207,Python/42,Python,4,100,4,2,4,4,INFO,False,humaneval,llama3,7,734000
734208,Python/43,Python,4,100,4,2,4,4,INFO,False,humaneval,llama3,7,734000
734209,Python/44,Python,4,100,4,2,4,4,INFO,False,humaneval,llama3,7,734000
734210,Python/45,Python,4,100,4,2,4,4,INFO,False,humaneval,llama3,7,734000
734211,Python/46,Python,4,100,4,2,4,4,INFO,False,humaneval,llama3,7,734000
734212,Python/47,Python,4,100,4,2,4,4,INFO,False,humaneval,llama3,7,734000
734213,Python/48,Python,4,100,4,2,4,4,INFO,False,humaneval,llama3,7,734000
734214,Python/49,Python,4,100,4,2,4,4,INFO,False,humaneval,llama3,7,734000
734215,Python/50,Python,4,100,4,2,4,4,INFO,False,humaneval,llama3,7,734000
734216,Python/51,Python,4,100,4,2,4,4,INFO,False,humaneval,llama3,7,734000
734217,Python/52,Python,4,100,4,2,4,4,INFO,False,humaneval,llama3,7,734000
734218,Python/53,Python,4,100,4,2,4,4,INFO,False,humaneval,llama3,7,734000
734219,Python/54,Python,4,100,4,2,4,4,INFO,False,humaneval,llama3,7,734000
734220,Python/55,Python,4,100,4,2,4,4,INFO,False,humaneval,llama3,7,734000
734221,Python/56,Python,4,100,4,2,4,4,INFO,False,humaneval,llama3,7,734000
734222,Python/57,Python,4,100,4,2,4,4,INFO,False,humaneval,llama3,7,734000
734223,Python/58,Python,4,100,4,2,4,4,INFO,False,humaneval,llama3,7,734000
734224,Python/59,Python,4,100,4,2,4,4,INFO,False,humaneval,llama3,7,734000
734225,Python/60,Python,4,100,4,2,4,4,INFO,False,humaneval,llama3,7,734000
734226,Python/61,Python,4,100,4,2,4,4,INFO,False,humaneval,llama3,7,734000
734227,Python/62,Python,4,100,4,2,4,4,INFO,False,humaneval,llama3,7,734000
734228,Python/63,Python,4,100,4,2,4,4,INFO,False,humaneval,llama3,7,734000
734229,Python/64,Python,4,100,4,2,4,4,INFO,False,humaneval,llama3,7,734000
734230,Python/65,Python,4,100,4,2,4,4,INFO,False,humaneval,llama3,7,734000
734231,Python/66,Python,4,100,4,2,4,4,INFO,False,humaneval,llama3,7,734000
734232,Python/67,Python,4,100,4,2,4,4,INFO,False,humaneval,llama3,7,734000
734233,Python/68,Python,4,100,4,2,4,4,INFO,False,humaneval,llama3,7,734000
734234,Python/69,Python,4,100,4,2,4,4,INFO,False,humaneval,llama3,7,734000
734235,Python/70,Python,4,100,4,2,4,4,INFO,False,humaneval,llama3,7,734000
734236,Python/71,Python,4,100,4,2,4,4,INFO,False,humaneval,llama3,7,734000
734237,Python/72,Python,4,100,4,2,4,4,INFO,False,humaneval,llama3,7,734000
734238,Python/73,Python,4,100,4,2,4,4,INFO,False,humaneval,llama3,7,734000
734239,Python/74,Python,4,100,4,2,4,4,INFO,False,humaneval,llama3,7,734000
734240,Python/75,Python,4,100,4,2,4,4,INFO,False,humaneval,llama3,7,734000
734241,Python/76,Python,4,100,4,2,4,4,INFO,False,humaneval,llama3,7,734000
734242,Python/77,Python,4,100,4,2,4,4,INFO,False,humaneval,llama3,7,734000
734243,Python/78,Python,4,100,4,2,4,4,INFO,False,humaneval,llama3,7,734000
734244,Python/79,Python,4,100,4,2,4,4,INFO,False,humaneval,llama3,7,734000
734245,Python/80,Python,4,100,4,2,4,4,INFO,False,humaneval,llama3,7,734000
734246,Python/81,Python,4,100,4,2,4,4,INFO,False,humaneval,llama3,7,734000
734247,Python/82,Python,4,100,4,2,4,4,INFO,False,humaneval,llama3,7,734000
734248,Python/83,Python,4,100,4,2,4,4,INFO,False,humaneval,llama3,7,734000
734249,Python/84,Python,4,100,4,2,4,4,INFO,False,humaneval,llama3,7,734000
734250,Python/85,Python,4,100,4,2,4,4,INFO,False,humaneval,llama3,7,734000
734251,Python/86,Python,4,100,4,2,4,4,INFO,False,humaneval,llama3,7,734000
734252,Python/87,Python,4,100,4,2,4,4,INFO,False,humaneval,llama3,7,734000
734253,Python/88,Python,4,100,4,2,4,4,INFO,False,humaneval,llama3,7,734000
734254,Python/89,Python,4,100,4,2,4,4,INFO,False,humaneval,llama3,7,734000
734255,Python/90,Python,4,100,4,2,4,4,INFO,False,humaneval,llama3,7,734000
734256,Python/91,Python,4,100,4,2,4,4,INFO,False,humaneval,llama3,7,734000
734257,Python/92,Python,4,100,4,2,4,4,INFO,False,humaneval,llama3,7,734000
734258,Python/93,Python,4,100,4,2,4,4,INFO,False,humaneval,llama3,7,734000
734259,Python/94,Python,4,100,4,2,4,4,INFO,False,humaneval,llama3,7,734000
734260,Python/95,Python,4,100,4,2,4,4,INFO,False,humaneval,llama3,7,734000
734261,Python/96,Python,4,100,4,2,4,4,INFO,False,humaneval,llama3,7,734000
734262,Python/97,Python,4,100,4,2,4,4,INFO,False,humaneval,llama3,7,734000
734263,Python/98,Python,4,100,4,2,4,4,INFO,False,humaneval,llama3,7,734000
734264,Python/99,Python,4,100,4,2,4,4,INFO,False,humaneval,llama3,7,734000
734265,Python/100,Python,4,100,4,2,4,4,INFO,False,humaneval,llama3,7,734000
734266,Python/101,Python,4,100,4,2,4,4,INFO,False,humaneval,llama3,7,734000
734267,Python/102,Python,4,100,4,2,4,4,INFO,False,humaneval,llama3,7,734000
734268,Python/103,Python,4,100,4,2,4,4,INFO,False,humaneval,llama3,7,734000
734269,Python/104,Python,4,100,4,2,4,4,INFO,False,humaneval,llama3,7,734000
734270,Python/105,Python,4,100,4,2,4,4,INFO,False,humaneval,llama3,7,734000
734271,Python/106,Python,4,100,4,2,4,4,INFO,False,humaneval,llama3,7,734000
734272,Python/107,Python,4,100,4,2,4,4,INFO,False,humaneval,llama3,7,734000
734273,Python/108,Python,4,100,4,2,4,4,INFO,False,humaneval,llama3,7,734000
734274,Python/109,Python,4,100,4,2,4,4,INFO,False,humaneval,llama3,7,734000
734275,Python/110,Python,4,100,4,2,4,4,INFO,False,humaneval,llama3,7,734000
734276,Python/111,Python,4,100,4,2,4,4,INFO,False,humaneval,llama3,7,734000
734277,Python/112,Python,4,100,4,2,4,4,INFO,False,humaneval,llama3,7,734000
734278,Python/113,Python,4,100,4,2,4,4,INFO,False,humaneval,llama3,7,734000
734279,Python/114,Python,4,100,4,2,4,4,INFO,False,humaneval,llama3,7,734000
734280,Python/115,Python,4,100,4,2,4,4,INFO,False,humaneval,llama3,7,734000
734281,Python/116,Python,4,100,4,2,4,4,INFO,False,humaneval,llama3,7,734000
734282,Python/117,Python,4,100,4,2,4,4,INFO,False,humaneval,llama3,7,734000
734283,Python/118,Python,4,100,4,2,4,4,INFO,False,humaneval,llama3,7,734000
734284,Python/119,Python,4,100,4,2,4,4,INFO,False,humaneval,llama3,7,734000
734285,Python/120,Python,4,100,4,2,4,4,INFO,False,humaneval,llama3,7,734000
734286,Python/121,Python,4,100,4,2,4,4,INFO,False,humaneval,llama3,7,734000
734287,Python/122,Python,4,100,4,2,4,4,INFO,False,humaneval,llama3,7,734000
734288,Python/123,Python,4,100,4,2,4,4,INFO,False,humaneval,llama3,7,734000
734289,Python/124,Python,4,100,4,2,4,4,INFO,False,humaneval,llama3,7,734000
734290,Python/125,Python,4,100,4,2,4,4,INFO,False,humaneval,llama3,7,734000
734291,Python/126,Python,4,100,4,2,4,4,INFO,False,humaneval,llama3,7,734000
734292,Python/127,Python,4,100,4,2,4,4,INFO,False,humaneval,llama3,7,734000
734293,Python/128,Python,4,100,4,2,4,4,INFO,False,humaneval,llama3,7,734000
734294,Python/129,Python,4,100,4,2,4,4,INFO,False,humaneval,llama3,7,734000
734295,Python/130,Python,4,100,4,2,4,4,INFO,False,humaneval,llama3,7,734000
734296,Python/131,Python,4,100,4,2,4,4,INFO,False,humaneval,llama3,7,734000
734297,Python/132,Python,4,100,4,2,4,4,INFO,False,humaneval,llama3,7,734000
734298,Python/133,Python,4,100,4,2,4,4,INFO,False,humaneval,llama3,7,734000
734299,Python/134,Python,4,100,4,2,4,4,INFO,False,humaneval,llama3,7,734000
734300,Python/135,Python,4,100,4,2,4,4,INFO,False,humaneval,llama3,7,734000
734301,Python/136,Python,4,100,4,2,4,4,INFO,False,humaneval,llama3,7,734000
734302,Python/137,Python,4,100,4,2,4,4,INFO,False,humaneval,llama3,7,734000
734303,Python/138,Python,4,100,4,2,4,4,INFO,False,humaneval,llama3,7,734000
734304,Python/139,Python,4,100,4,2,4,4,INFO,False,humaneval,llama3,7,734000
734305,Python/140,Python,4,100,4,2,4,4,INFO,False,humaneval,llama3,7,734000
734306,Python/141,Python,4,100,4,2,4,4,INFO,False,humaneval,llama3,7,734000
734307,Python/142,Python,4,100,4,2,4,4,INFO,False,humaneval,llama3,7,734000
734308,Python/143,Python,4,100,4,2,4,4,INFO,False,humaneval,llama3,7,734000
734309,Python/144,Python,4,100,4,2,4,4,INFO,False,humaneval,llama3,7,734000
734310,Python/145,Python,4,100,4,2,4,4,INFO,False,humaneval,llama3,7,734000
734311,Python/146,Python,4,100,4,2,4,4,INFO,False,humaneval,llama3,7,734000
734312,Python/147,Python,4,100,4,2,4,4,INFO,False,humaneval,llama3,7,734000
734313,Python/148,Python,4,100,4,2,4,4,INFO,False,humaneval,llama3,7,734000
734314,Python/149,Python,4,100,4,2,4,4,INFO,False,humaneval,llama3,7,734000
734315,Python/150,Python,4,100,4,2,4,4,INFO,False,humaneval,llama3,7,734000
734316,Python/151,Python,4,100,4,2,4,4,INFO,False,humaneval,llama3,7,734000
734317,Python/152,Python,4,100,4,2,4,4,INFO,False,humaneval,llama3,7,734000
734318,Python/153,Python,4,100,4,2,4,4,INFO,False,humaneval,llama3,7,734000
734319,Python/154,Python,4,100,4,2,4,4,INFO,False,humaneval,llama3,7,734000
734320,Python/155,Python,4,100,4,2,4,4,INFO,False,humaneval,llama3,7,734000
734321,Python/156,Python,4,100,4,2,4,4,INFO,False,humaneval,llama3,7,734000
734322,Python/157,Python,4,100,4,2,4,4,INFO,False,humaneval,llama3,7,734000
734323,Python/158,Python,4,100,4,2,4,4,INFO,False,humaneval,llama3,7,734000
734324,Python/159,Python,4,100,4,2,4,4,INFO,False,humaneval,llama3,7,734000
734325,Python/160,Python,4,100,4,2,4,4,INFO,False,humaneval,llama3,7,734000
734326,Python/161,Python,4,100,4,2,4,4,INFO,False,humaneval,llama3,7,734000
734327,Python/162,Python,4,100,4,2,4,4,INFO,False,humaneval,llama3,7,734000
734328,Python/163,Python,4,100,4,2,4,4,INFO,False,humaneval,llama3,7,734000
734329,Python/0,Python,16,100,16,2,16,16,INFO,False,humaneval,llama3,7,734000
734330,Python/1,Python,16,100,16,2,16,16,INFO,False,humaneval,llama3,7,734000
734331,Python/2,Python,16,100,16,2,16,16,INFO,False,humaneval,llama3,7,734000
734332,Python/3,Python,16,100,16,2,16,16,INFO,False,humaneval,llama3,7,734000
734333,Python/4,Python,16,100,16,2,16,16,INFO,False,humaneval,llama3,7,734000
734334,Python/5,Python,16,100,16,2,16,16,INFO,False,humaneval,llama3,7,734000
734335,Python/6,Python,16,100,16,2,16,16,INFO,False,humaneval,llama3,7,734000
734336,Python/7,Python,16,100,16,2,16,16,INFO,False,humaneval,llama3,7,734000
734337,Python/8,Python,16,100,16,2,16,16,INFO,False,humaneval,llama3,7,734000
734338,Python/9,Python,16,100,16,2,16,16,INFO,False,humaneval,llama3,7,734000
734339,Python/10,Python,16,100,16,2,16,16,INFO,False,humaneval,llama3,7,734000
734340,Python/11,Python,16,100,16,2,16,16,INFO,False,humaneval,llama3,7,734000
734341,Python/12,Python,16,100,16,2,16,16,INFO,False,humaneval,llama3,7,734000
734342,Python/13,Python,16,100,16,2,16,16,INFO,False,humaneval,llama3,7,734000
734343,Python/14,Python,16,100,16,2,16,16,INFO,False,humaneval,llama3,7,734000
734344,Python/15,Python,16,100,16,2,16,16,INFO,False,humaneval,llama3,7,734000
734345,Python/16,Python,16,100,16,2,16,16,INFO,False,humaneval,llama3,7,734000
734346,Python/17,Python,16,100,16,2,16,16,INFO,False,humaneval,llama3,7,734000
734347,Python/18,Python,16,100,16,2,16,16,INFO,False,humaneval,llama3,7,734000
734348,Python/19,Python,16,100,16,2,16,16,INFO,False,humaneval,llama3,7,734000
734349,Python/20,Python,16,100,16,2,16,16,INFO,False,humaneval,llama3,7,734000
734350,Python/21,Python,16,100,16,2,16,16,INFO,False,humaneval,llama3,7,734000
734351,Python/22,Python,16,100,16,2,16,16,INFO,False,humaneval,llama3,7,734000
734352,Python/23,Python,16,100,16,2,16,16,INFO,False,humaneval,llama3,7,734000
734353,Python/24,Python,16,100,16,2,16,16,INFO,False,humaneval,llama3,7,734000
734354,Python/25,Python,16,100,16,2,16,16,INFO,False,humaneval,llama3,7,734000
734355,Python/26,Python,16,100,16,2,16,16,INFO,False,humaneval,llama3,7,734000
734356,Python/27,Python,16,100,16,2,16,16,INFO,False,humaneval,llama3,7,734000
734357,Python/28,Python,16,100,16,2,16,16,INFO,False,humaneval,llama3,7,734000
734358,Python/29,Python,16,100,16,2,16,16,INFO,False,humaneval,llama3,7,734000
734359,Python/30,Python,16,100,16,2,16,16,INFO,False,humaneval,llama3,7,734000
734360,Python/31,Python,16,100,16,2,16,16,INFO,False,humaneval,llama3,7,734000
734361,Python/32,Python,16,100,16,2,16,16,INFO,False,humaneval,llama3,7,734000
734362,Python/33,Python,16,100,16,2,16,16,INFO,False,humaneval,llama3,7,734000
734363,Python/34,Python,16,100,16,2,16,16,INFO,False,humaneval,llama3,7,734000
734364,Python/35,Python,16,100,16,2,16,16,INFO,False,humaneval,llama3,7,734000
734365,Python/36,Python,16,100,16,2,16,16,INFO,False,humaneval,llama3,7,734000
734366,Python/37,Python,16,100,16,2,16,16,INFO,False,humaneval,llama3,7,734000
734367,Python/38,Python,16,100,16,2,16,16,INFO,False,humaneval,llama3,7,734000
734368,Python/39,Python,16,100,16,2,16,16,INFO,False,humaneval,llama3,7,734000
734369,Python/40,Python,16,100,16,2,16,16,INFO,False,humaneval,llama3,7,734000
734370,Python/41,Python,16,100,16,2,16,16,INFO,False,humaneval,llama3,7,734000
734371,Python/42,Python,16,100,16,2,16,16,INFO,False,humaneval,llama3,7,734000
734372,Python/43,Python,16,100,16,2,16,16,INFO,False,humaneval,llama3,7,734000
734373,Python/44,Python,16,100,16,2,16,16,INFO,False,humaneval,llama3,7,734000
734374,Python/45,Python,16,100,16,2,16,16,INFO,False,humaneval,llama3,7,734000
734375,Python/46,Python,16,100,16,2,16,16,INFO,False,humaneval,llama3,7,734000
734376,Python/47,Python,16,100,16,2,16,16,INFO,False,humaneval,llama3,7,734000
734377,Python/48,Python,16,100,16,2,16,16,INFO,False,humaneval,llama3,7,734000
734378,Python/49,Python,16,100,16,2,16,16,INFO,False,humaneval,llama3,7,734000
734379,Python/50,Python,16,100,16,2,16,16,INFO,False,humaneval,llama3,7,734000
734380,Python/51,Python,16,100,16,2,16,16,INFO,False,humaneval,llama3,7,734000
734381,Python/52,Python,16,100,16,2,16,16,INFO,False,humaneval,llama3,7,734000
734382,Python/53,Python,16,100,16,2,16,16,INFO,False,humaneval,llama3,7,734000
734383,Python/54,Python,16,100,16,2,16,16,INFO,False,humaneval,llama3,7,734000
734384,Python/55,Python,16,100,16,2,16,16,INFO,False,humaneval,llama3,7,734000
734385,Python/56,Python,16,100,16,2,16,16,INFO,False,humaneval,llama3,7,734000
734386,Python/57,Python,16,100,16,2,16,16,INFO,False,humaneval,llama3,7,734000
734387,Python/58,Python,16,100,16,2,16,16,INFO,False,humaneval,llama3,7,734000
734388,Python/59,Python,16,100,16,2,16,16,INFO,False,humaneval,llama3,7,734000
734389,Python/60,Python,16,100,16,2,16,16,INFO,False,humaneval,llama3,7,734000
734390,Python/61,Python,16,100,16,2,16,16,INFO,False,humaneval,llama3,7,734000
734391,Python/62,Python,16,100,16,2,16,16,INFO,False,humaneval,llama3,7,734000
734392,Python/63,Python,16,100,16,2,16,16,INFO,False,humaneval,llama3,7,734000
734393,Python/64,Python,16,100,16,2,16,16,INFO,False,humaneval,llama3,7,734000
734394,Python/65,Python,16,100,16,2,16,16,INFO,False,humaneval,llama3,7,734000
734395,Python/66,Python,16,100,16,2,16,16,INFO,False,humaneval,llama3,7,734000
734396,Python/67,Python,16,100,16,2,16,16,INFO,False,humaneval,llama3,7,734000
734397,Python/68,Python,16,100,16,2,16,16,INFO,False,humaneval,llama3,7,734000
734398,Python/69,Python,16,100,16,2,16,16,INFO,False,humaneval,llama3,7,734000
734399,Python/70,Python,16,100,16,2,16,16,INFO,False,humaneval,llama3,7,734000
734400,Python/71,Python,16,100,16,2,16,16,INFO,False,humaneval,llama3,7,734000
734401,Python/72,Python,16,100,16,2,16,16,INFO,False,humaneval,llama3,7,734000
734402,Python/73,Python,16,100,16,2,16,16,INFO,False,humaneval,llama3,7,734000
734403,Python/74,Python,16,100,16,2,16,16,INFO,False,humaneval,llama3,7,734000
734404,Python/75,Python,16,100,16,2,16,16,INFO,False,humaneval,llama3,7,734000
734405,Python/76,Python,16,100,16,2,16,16,INFO,False,humaneval,llama3,7,734000
734406,Python/77,Python,16,100,16,2,16,16,INFO,False,humaneval,llama3,7,734000
734407,Python/78,Python,16,100,16,2,16,16,INFO,False,humaneval,llama3,7,734000
734408,Python/79,Python,16,100,16,2,16,16,INFO,False,humaneval,llama3,7,734000
734409,Python/80,Python,16,100,16,2,16,16,INFO,False,humaneval,llama3,7,734000
734410,Python/81,Python,16,100,16,2,16,16,INFO,False,humaneval,llama3,7,734000
734411,Python/82,Python,16,100,16,2,16,16,INFO,False,humaneval,llama3,7,734000
734412,Python/83,Python,16,100,16,2,16,16,INFO,False,humaneval,llama3,7,734000
734413,Python/84,Python,16,100,16,2,16,16,INFO,False,humaneval,llama3,7,734000
734414,Python/85,Python,16,100,16,2,16,16,INFO,False,humaneval,llama3,7,734000
734415,Python/86,Python,16,100,16,2,16,16,INFO,False,humaneval,llama3,7,734000
734416,Python/87,Python,16,100,16,2,16,16,INFO,False,humaneval,llama3,7,734000
734417,Python/88,Python,16,100,16,2,16,16,INFO,False,humaneval,llama3,7,734000
734418,Python/89,Python,16,100,16,2,16,16,INFO,False,humaneval,llama3,7,734000
734419,Python/90,Python,16,100,16,2,16,16,INFO,False,humaneval,llama3,7,734000
734420,Python/91,Python,16,100,16,2,16,16,INFO,False,humaneval,llama3,7,734000
734421,Python/92,Python,16,100,16,2,16,16,INFO,False,humaneval,llama3,7,734000
734422,Python/93,Python,16,100,16,2,16,16,INFO,False,humaneval,llama3,7,734000
734423,Python/94,Python,16,100,16,2,16,16,INFO,False,humaneval,llama3,7,734000
734424,Python/95,Python,16,100,16,2,16,16,INFO,False,humaneval,llama3,7,734000
734425,Python/96,Python,16,100,16,2,16,16,INFO,False,humaneval,llama3,7,734000
734426,Python/97,Python,16,100,16,2,16,16,INFO,False,humaneval,llama3,7,734000
734427,Python/98,Python,16,100,16,2,16,16,INFO,False,humaneval,llama3,7,734000
734428,Python/99,Python,16,100,16,2,16,16,INFO,False,humaneval,llama3,7,734000
734429,Python/100,Python,16,100,16,2,16,16,INFO,False,humaneval,llama3,7,734000
734430,Python/101,Python,16,100,16,2,16,16,INFO,False,humaneval,llama3,7,734000
734431,Python/102,Python,16,100,16,2,16,16,INFO,False,humaneval,llama3,7,734000
734432,Python/103,Python,16,100,16,2,16,16,INFO,False,humaneval,llama3,7,734000
734433,Python/104,Python,16,100,16,2,16,16,INFO,False,humaneval,llama3,7,734000
734434,Python/105,Python,16,100,16,2,16,16,INFO,False,humaneval,llama3,7,734000
734435,Python/106,Python,16,100,16,2,16,16,INFO,False,humaneval,llama3,7,734000
734436,Python/107,Python,16,100,16,2,16,16,INFO,False,humaneval,llama3,7,734000
734437,Python/108,Python,16,100,16,2,16,16,INFO,False,humaneval,llama3,7,734000
734438,Python/109,Python,16,100,16,2,16,16,INFO,False,humaneval,llama3,7,734000
734439,Python/110,Python,16,100,16,2,16,16,INFO,False,humaneval,llama3,7,734000
734440,Python/111,Python,16,100,16,2,16,16,INFO,False,humaneval,llama3,7,734000
734441,Python/112,Python,16,100,16,2,16,16,INFO,False,humaneval,llama3,7,734000
734442,Python/113,Python,16,100,16,2,16,16,INFO,False,humaneval,llama3,7,734000
734443,Python/114,Python,16,100,16,2,16,16,INFO,False,humaneval,llama3,7,734000
734444,Python/115,Python,16,100,16,2,16,16,INFO,False,humaneval,llama3,7,734000
734445,Python/116,Python,16,100,16,2,16,16,INFO,False,humaneval,llama3,7,734000
734446,Python/117,Python,16,100,16,2,16,16,INFO,False,humaneval,llama3,7,734000
734447,Python/118,Python,16,100,16,2,16,16,INFO,False,humaneval,llama3,7,734000
734448,Python/119,Python,16,100,16,2,16,16,INFO,False,humaneval,llama3,7,734000
734449,Python/120,Python,16,100,16,2,16,16,INFO,False,humaneval,llama3,7,734000
734450,Python/121,Python,16,100,16,2,16,16,INFO,False,humaneval,llama3,7,734000
734451,Python/122,Python,16,100,16,2,16,16,INFO,False,humaneval,llama3,7,734000
734452,Python/123,Python,16,100,16,2,16,16,INFO,False,humaneval,llama3,7,734000
734453,Python/124,Python,16,100,16,2,16,16,INFO,False,humaneval,llama3,7,734000
734454,Python/125,Python,16,100,16,2,16,16,INFO,False,humaneval,llama3,7,734000
734455,Python/126,Python,16,100,16,2,16,16,INFO,False,humaneval,llama3,7,734000
734456,Python/127,Python,16,100,16,2,16,16,INFO,False,humaneval,llama3,7,734000
734457,Python/128,Python,16,100,16,2,16,16,INFO,False,humaneval,llama3,7,734000
734458,Python/129,Python,16,100,16,2,16,16,INFO,False,humaneval,llama3,7,734000
734459,Python/130,Python,16,100,16,2,16,16,INFO,False,humaneval,llama3,7,734000
734460,Python/131,Python,16,100,16,2,16,16,INFO,False,humaneval,llama3,7,734000
734461,Python/132,Python,16,100,16,2,16,16,INFO,False,humaneval,llama3,7,734000
734462,Python/133,Python,16,100,16,2,16,16,INFO,False,humaneval,llama3,7,734000
734463,Python/134,Python,16,100,16,2,16,16,INFO,False,humaneval,llama3,7,734000
734464,Python/135,Python,16,100,16,2,16,16,INFO,False,humaneval,llama3,7,734000
734465,Python/136,Python,16,100,16,2,16,16,INFO,False,humaneval,llama3,7,734000
734466,Python/137,Python,16,100,16,2,16,16,INFO,False,humaneval,llama3,7,734000
734467,Python/138,Python,16,100,16,2,16,16,INFO,False,humaneval,llama3,7,734000
734468,Python/139,Python,16,100,16,2,16,16,INFO,False,humaneval,llama3,7,734000
734469,Python/140,Python,16,100,16,2,16,16,INFO,False,humaneval,llama3,7,734000
734470,Python/141,Python,16,100,16,2,16,16,INFO,False,humaneval,llama3,7,734000
734471,Python/142,Python,16,100,16,2,16,16,INFO,False,humaneval,llama3,7,734000
734472,Python/143,Python,16,100,16,2,16,16,INFO,False,humaneval,llama3,7,734000
734473,Python/144,Python,16,100,16,2,16,16,INFO,False,humaneval,llama3,7,734000
734474,Python/145,Python,16,100,16,2,16,16,INFO,False,humaneval,llama3,7,734000
734475,Python/146,Python,16,100,16,2,16,16,INFO,False,humaneval,llama3,7,734000
734476,Python/147,Python,16,100,16,2,16,16,INFO,False,humaneval,llama3,7,734000
734477,Python/148,Python,16,100,16,2,16,16,INFO,False,humaneval,llama3,7,734000
734478,Python/149,Python,16,100,16,2,16,16,INFO,False,humaneval,llama3,7,734000
734479,Python/150,Python,16,100,16,2,16,16,INFO,False,humaneval,llama3,7,734000
734480,Python/151,Python,16,100,16,2,16,16,INFO,False,humaneval,llama3,7,734000
734481,Python/152,Python,16,100,16,2,16,16,INFO,False,humaneval,llama3,7,734000
734482,Python/153,Python,16,100,16,2,16,16,INFO,False,humaneval,llama3,7,734000
734483,Python/154,Python,16,100,16,2,16,16,INFO,False,humaneval,llama3,7,734000
734484,Python/155,Python,16,100,16,2,16,16,INFO,False,humaneval,llama3,7,734000
734485,Python/156,Python,16,100,16,2,16,16,INFO,False,humaneval,llama3,7,734000
734486,Python/157,Python,16,100,16,2,16,16,INFO,False,humaneval,llama3,7,734000
734487,Python/158,Python,16,100,16,2,16,16,INFO,False,humaneval,llama3,7,734000
734488,Python/159,Python,16,100,16,2,16,16,INFO,False,humaneval,llama3,7,734000
734489,Python/160,Python,16,100,16,2,16,16,INFO,False,humaneval,llama3,7,734000
734490,Python/161,Python,16,100,16,2,16,16,INFO,False,humaneval,llama3,7,734000
734491,Python/162,Python,16,100,16,2,16,16,INFO,False,humaneval,llama3,7,734000
734492,Python/163,Python,16,100,16,2,16,16,INFO,False,humaneval,llama3,7,734000
734493,Python/0,Python,1,100,1,2,1,1,INFO,False,humaneval,llama3,7,734000
734494,Python/1,Python,1,100,1,2,1,1,INFO,False,humaneval,llama3,7,734000
734495,Python/2,Python,1,100,1,2,1,1,INFO,False,humaneval,llama3,7,734000
734496,Python/3,Python,1,100,1,2,1,1,INFO,False,humaneval,llama3,7,734000
734497,Python/4,Python,1,100,1,2,1,1,INFO,False,humaneval,llama3,7,734000
734498,Python/5,Python,1,100,1,2,1,1,INFO,False,humaneval,llama3,7,734000
734499,Python/6,Python,1,100,1,2,1,1,INFO,False,humaneval,llama3,7,734000
734500,Python/7,Python,1,100,1,2,1,1,INFO,False,humaneval,llama3,7,734000
734501,Python/8,Python,1,100,1,2,1,1,INFO,False,humaneval,llama3,7,734000
734502,Python/9,Python,1,100,1,2,1,1,INFO,False,humaneval,llama3,7,734000
734503,Python/10,Python,1,100,1,2,1,1,INFO,False,humaneval,llama3,7,734000
734504,Python/11,Python,1,100,1,2,1,1,INFO,False,humaneval,llama3,7,734000
734505,Python/12,Python,1,100,1,2,1,1,INFO,False,humaneval,llama3,7,734000
734506,Python/13,Python,1,100,1,2,1,1,INFO,False,humaneval,llama3,7,734000
734507,Python/14,Python,1,100,1,2,1,1,INFO,False,humaneval,llama3,7,734000
734508,Python/15,Python,1,100,1,2,1,1,INFO,False,humaneval,llama3,7,734000
734509,Python/16,Python,1,100,1,2,1,1,INFO,False,humaneval,llama3,7,734000
734510,Python/17,Python,1,100,1,2,1,1,INFO,False,humaneval,llama3,7,734000
734511,Python/18,Python,1,100,1,2,1,1,INFO,False,humaneval,llama3,7,734000
734512,Python/19,Python,1,100,1,2,1,1,INFO,False,humaneval,llama3,7,734000
734513,Python/20,Python,1,100,1,2,1,1,INFO,False,humaneval,llama3,7,734000
734514,Python/21,Python,1,100,1,2,1,1,INFO,False,humaneval,llama3,7,734000
734515,Python/22,Python,1,100,1,2,1,1,INFO,False,humaneval,llama3,7,734000
734516,Python/23,Python,1,100,1,2,1,1,INFO,False,humaneval,llama3,7,734000
734517,Python/24,Python,1,100,1,2,1,1,INFO,False,humaneval,llama3,7,734000
734518,Python/25,Python,1,100,1,2,1,1,INFO,False,humaneval,llama3,7,734000
734519,Python/26,Python,1,100,1,2,1,1,INFO,False,humaneval,llama3,7,734000
734520,Python/27,Python,1,100,1,2,1,1,INFO,False,humaneval,llama3,7,734000
734521,Python/28,Python,1,100,1,2,1,1,INFO,False,humaneval,llama3,7,734000
734522,Python/29,Python,1,100,1,2,1,1,INFO,False,humaneval,llama3,7,734000
734523,Python/30,Python,1,100,1,2,1,1,INFO,False,humaneval,llama3,7,734000
734524,Python/31,Python,1,100,1,2,1,1,INFO,False,humaneval,llama3,7,734000
734525,Python/32,Python,1,100,1,2,1,1,INFO,False,humaneval,llama3,7,734000
734526,Python/33,Python,1,100,1,2,1,1,INFO,False,humaneval,llama3,7,734000
734527,Python/34,Python,1,100,1,2,1,1,INFO,False,humaneval,llama3,7,734000
734528,Python/35,Python,1,100,1,2,1,1,INFO,False,humaneval,llama3,7,734000
734529,Python/36,Python,1,100,1,2,1,1,INFO,False,humaneval,llama3,7,734000
734530,Python/37,Python,1,100,1,2,1,1,INFO,False,humaneval,llama3,7,734000
734531,Python/38,Python,1,100,1,2,1,1,INFO,False,humaneval,llama3,7,734000
734532,Python/39,Python,1,100,1,2,1,1,INFO,False,humaneval,llama3,7,734000
734533,Python/40,Python,1,100,1,2,1,1,INFO,False,humaneval,llama3,7,734000
734534,Python/41,Python,1,100,1,2,1,1,INFO,False,humaneval,llama3,7,734000
734535,Python/42,Python,1,100,1,2,1,1,INFO,False,humaneval,llama3,7,734000
734536,Python/43,Python,1,100,1,2,1,1,INFO,False,humaneval,llama3,7,734000
734537,Python/44,Python,1,100,1,2,1,1,INFO,False,humaneval,llama3,7,734000
734538,Python/45,Python,1,100,1,2,1,1,INFO,False,humaneval,llama3,7,734000
734539,Python/46,Python,1,100,1,2,1,1,INFO,False,humaneval,llama3,7,734000
734540,Python/47,Python,1,100,1,2,1,1,INFO,False,humaneval,llama3,7,734000
734541,Python/48,Python,1,100,1,2,1,1,INFO,False,humaneval,llama3,7,734000
734542,Python/49,Python,1,100,1,2,1,1,INFO,False,humaneval,llama3,7,734000
734543,Python/50,Python,1,100,1,2,1,1,INFO,False,humaneval,llama3,7,734000
734544,Python/51,Python,1,100,1,2,1,1,INFO,False,humaneval,llama3,7,734000
734545,Python/52,Python,1,100,1,2,1,1,INFO,False,humaneval,llama3,7,734000
734546,Python/53,Python,1,100,1,2,1,1,INFO,False,humaneval,llama3,7,734000
734547,Python/54,Python,1,100,1,2,1,1,INFO,False,humaneval,llama3,7,734000
734548,Python/55,Python,1,100,1,2,1,1,INFO,False,humaneval,llama3,7,734000
734549,Python/56,Python,1,100,1,2,1,1,INFO,False,humaneval,llama3,7,734000
734550,Python/57,Python,1,100,1,2,1,1,INFO,False,humaneval,llama3,7,734000
734551,Python/58,Python,1,100,1,2,1,1,INFO,False,humaneval,llama3,7,734000
734552,Python/59,Python,1,100,1,2,1,1,INFO,False,humaneval,llama3,7,734000
734553,Python/60,Python,1,100,1,2,1,1,INFO,False,humaneval,llama3,7,734000
734554,Python/61,Python,1,100,1,2,1,1,INFO,False,humaneval,llama3,7,734000
734555,Python/62,Python,1,100,1,2,1,1,INFO,False,humaneval,llama3,7,734000
734556,Python/63,Python,1,100,1,2,1,1,INFO,False,humaneval,llama3,7,734000
734557,Python/64,Python,1,100,1,2,1,1,INFO,False,humaneval,llama3,7,734000
734558,Python/65,Python,1,100,1,2,1,1,INFO,False,humaneval,llama3,7,734000
734559,Python/66,Python,1,100,1,2,1,1,INFO,False,humaneval,llama3,7,734000
734560,Python/67,Python,1,100,1,2,1,1,INFO,False,humaneval,llama3,7,734000
734561,Python/68,Python,1,100,1,2,1,1,INFO,False,humaneval,llama3,7,734000
734562,Python/69,Python,1,100,1,2,1,1,INFO,False,humaneval,llama3,7,734000
734563,Python/70,Python,1,100,1,2,1,1,INFO,False,humaneval,llama3,7,734000
734564,Python/71,Python,1,100,1,2,1,1,INFO,False,humaneval,llama3,7,734000
734565,Python/72,Python,1,100,1,2,1,1,INFO,False,humaneval,llama3,7,734000
734566,Python/73,Python,1,100,1,2,1,1,INFO,False,humaneval,llama3,7,734000
734567,Python/74,Python,1,100,1,2,1,1,INFO,False,humaneval,llama3,7,734000
734568,Python/75,Python,1,100,1,2,1,1,INFO,False,humaneval,llama3,7,734000
734569,Python/76,Python,1,100,1,2,1,1,INFO,False,humaneval,llama3,7,734000
734570,Python/77,Python,1,100,1,2,1,1,INFO,False,humaneval,llama3,7,734000
734571,Python/78,Python,1,100,1,2,1,1,INFO,False,humaneval,llama3,7,734000
734572,Python/79,Python,1,100,1,2,1,1,INFO,False,humaneval,llama3,7,734000
734573,Python/80,Python,1,100,1,2,1,1,INFO,False,humaneval,llama3,7,734000
734574,Python/81,Python,1,100,1,2,1,1,INFO,False,humaneval,llama3,7,734000
734575,Python/82,Python,1,100,1,2,1,1,INFO,False,humaneval,llama3,7,734000
734576,Python/83,Python,1,100,1,2,1,1,INFO,False,humaneval,llama3,7,734000
734577,Python/84,Python,1,100,1,2,1,1,INFO,False,humaneval,llama3,7,734000
734578,Python/85,Python,1,100,1,2,1,1,INFO,False,humaneval,llama3,7,734000
734579,Python/86,Python,1,100,1,2,1,1,INFO,False,humaneval,llama3,7,734000
734580,Python/87,Python,1,100,1,2,1,1,INFO,False,humaneval,llama3,7,734000
734581,Python/88,Python,1,100,1,2,1,1,INFO,False,humaneval,llama3,7,734000
734582,Python/89,Python,1,100,1,2,1,1,INFO,False,humaneval,llama3,7,734000
734583,Python/90,Python,1,100,1,2,1,1,INFO,False,humaneval,llama3,7,734000
734584,Python/91,Python,1,100,1,2,1,1,INFO,False,humaneval,llama3,7,734000
734585,Python/92,Python,1,100,1,2,1,1,INFO,False,humaneval,llama3,7,734000
734586,Python/93,Python,1,100,1,2,1,1,INFO,False,humaneval,llama3,7,734000
734587,Python/94,Python,1,100,1,2,1,1,INFO,False,humaneval,llama3,7,734000
734588,Python/95,Python,1,100,1,2,1,1,INFO,False,humaneval,llama3,7,734000
734589,Python/96,Python,1,100,1,2,1,1,INFO,False,humaneval,llama3,7,734000
734590,Python/97,Python,1,100,1,2,1,1,INFO,False,humaneval,llama3,7,734000
734591,Python/98,Python,1,100,1,2,1,1,INFO,False,humaneval,llama3,7,734000
734592,Python/99,Python,1,100,1,2,1,1,INFO,False,humaneval,llama3,7,734000
734593,Python/100,Python,1,100,1,2,1,1,INFO,False,humaneval,llama3,7,734000
734594,Python/101,Python,1,100,1,2,1,1,INFO,False,humaneval,llama3,7,734000
734595,Python/102,Python,1,100,1,2,1,1,INFO,False,humaneval,llama3,7,734000
734596,Python/103,Python,1,100,1,2,1,1,INFO,False,humaneval,llama3,7,734000
734597,Python/104,Python,1,100,1,2,1,1,INFO,False,humaneval,llama3,7,734000
734598,Python/105,Python,1,100,1,2,1,1,INFO,False,humaneval,llama3,7,734000
734599,Python/106,Python,1,100,1,2,1,1,INFO,False,humaneval,llama3,7,734000
734600,Python/107,Python,1,100,1,2,1,1,INFO,False,humaneval,llama3,7,734000
734601,Python/108,Python,1,100,1,2,1,1,INFO,False,humaneval,llama3,7,734000
734602,Python/109,Python,1,100,1,2,1,1,INFO,False,humaneval,llama3,7,734000
734603,Python/110,Python,1,100,1,2,1,1,INFO,False,humaneval,llama3,7,734000
734604,Python/111,Python,1,100,1,2,1,1,INFO,False,humaneval,llama3,7,734000
734605,Python/112,Python,1,100,1,2,1,1,INFO,False,humaneval,llama3,7,734000
734606,Python/113,Python,1,100,1,2,1,1,INFO,False,humaneval,llama3,7,734000
734607,Python/114,Python,1,100,1,2,1,1,INFO,False,humaneval,llama3,7,734000
734608,Python/115,Python,1,100,1,2,1,1,INFO,False,humaneval,llama3,7,734000
734609,Python/116,Python,1,100,1,2,1,1,INFO,False,humaneval,llama3,7,734000
734610,Python/117,Python,1,100,1,2,1,1,INFO,False,humaneval,llama3,7,734000
734611,Python/118,Python,1,100,1,2,1,1,INFO,False,humaneval,llama3,7,734000
734612,Python/119,Python,1,100,1,2,1,1,INFO,False,humaneval,llama3,7,734000
734613,Python/120,Python,1,100,1,2,1,1,INFO,False,humaneval,llama3,7,734000
734614,Python/121,Python,1,100,1,2,1,1,INFO,False,humaneval,llama3,7,734000
734615,Python/122,Python,1,100,1,2,1,1,INFO,False,humaneval,llama3,7,734000
734616,Python/123,Python,1,100,1,2,1,1,INFO,False,humaneval,llama3,7,734000
734617,Python/124,Python,1,100,1,2,1,1,INFO,False,humaneval,llama3,7,734000
734618,Python/125,Python,1,100,1,2,1,1,INFO,False,humaneval,llama3,7,734000
734619,Python/126,Python,1,100,1,2,1,1,INFO,False,humaneval,llama3,7,734000
734620,Python/127,Python,1,100,1,2,1,1,INFO,False,humaneval,llama3,7,734000
734621,Python/128,Python,1,100,1,2,1,1,INFO,False,humaneval,llama3,7,734000
734622,Python/129,Python,1,100,1,2,1,1,INFO,False,humaneval,llama3,7,734000
734623,Python/130,Python,1,100,1,2,1,1,INFO,False,humaneval,llama3,7,734000
734624,Python/131,Python,1,100,1,2,1,1,INFO,False,humaneval,llama3,7,734000
734625,Python/132,Python,1,100,1,2,1,1,INFO,False,humaneval,llama3,7,734000
734626,Python/133,Python,1,100,1,2,1,1,INFO,False,humaneval,llama3,7,734000
734627,Python/134,Python,1,100,1,2,1,1,INFO,False,humaneval,llama3,7,734000
734628,Python/135,Python,1,100,1,2,1,1,INFO,False,humaneval,llama3,7,734000
734629,Python/136,Python,1,100,1,2,1,1,INFO,False,humaneval,llama3,7,734000
734630,Python/137,Python,1,100,1,2,1,1,INFO,False,humaneval,llama3,7,734000
734631,Python/138,Python,1,100,1,2,1,1,INFO,False,humaneval,llama3,7,734000
734632,Python/139,Python,1,100,1,2,1,1,INFO,False,humaneval,llama3,7,734000
734633,Python/140,Python,1,100,1,2,1,1,INFO,False,humaneval,llama3,7,734000
734634,Python/141,Python,1,100,1,2,1,1,INFO,False,humaneval,llama3,7,734000
734635,Python/142,Python,1,100,1,2,1,1,INFO,False,humaneval,llama3,7,734000
734636,Python/143,Python,1,100,1,2,1,1,INFO,False,humaneval,llama3,7,734000
734637,Python/144,Python,1,100,1,2,1,1,INFO,False,humaneval,llama3,7,734000
734638,Python/145,Python,1,100,1,2,1,1,INFO,False,humaneval,llama3,7,734000
734639,Python/146,Python,1,100,1,2,1,1,INFO,False,humaneval,llama3,7,734000
734640,Python/147,Python,1,100,1,2,1,1,INFO,False,humaneval,llama3,7,734000
734641,Python/148,Python,1,100,1,2,1,1,INFO,False,humaneval,llama3,7,734000
734642,Python/149,Python,1,100,1,2,1,1,INFO,False,humaneval,llama3,7,734000
734643,Python/150,Python,1,100,1,2,1,1,INFO,False,humaneval,llama3,7,734000
734644,Python/151,Python,1,100,1,2,1,1,INFO,False,humaneval,llama3,7,734000
734645,Python/152,Python,1,100,1,2,1,1,INFO,False,humaneval,llama3,7,734000
734646,Python/153,Python,1,100,1,2,1,1,INFO,False,humaneval,llama3,7,734000
734647,Python/154,Python,1,100,1,2,1,1,INFO,False,humaneval,llama3,7,734000
734648,Python/155,Python,1,100,1,2,1,1,INFO,False,humaneval,llama3,7,734000
734649,Python/156,Python,1,100,1,2,1,1,INFO,False,humaneval,llama3,7,734000
734650,Python/157,Python,1,100,1,2,1,1,INFO,False,humaneval,llama3,7,734000
734651,Python/158,Python,1,100,1,2,1,1,INFO,False,humaneval,llama3,7,734000
734652,Python/159,Python,1,100,1,2,1,1,INFO,False,humaneval,llama3,7,734000
734653,Python/160,Python,1,100,1,2,1,1,INFO,False,humaneval,llama3,7,734000
734654,Python/161,Python,1,100,1,2,1,1,INFO,False,humaneval,llama3,7,734000
734655,Python/162,Python,1,100,1,2,1,1,INFO,False,humaneval,llama3,7,734000
734656,Python/163,Python,1,100,1,2,1,1,INFO,False,humaneval,llama3,7,734000
734657,Python/0,Python,10,100,10,2,10,10,INFO,False,humaneval,llama3,7,734000
734658,Python/1,Python,10,100,10,2,10,10,INFO,False,humaneval,llama3,7,734000
734659,Python/2,Python,10,100,10,2,10,10,INFO,False,humaneval,llama3,7,734000
734660,Python/3,Python,10,100,10,2,10,10,INFO,False,humaneval,llama3,7,734000
734661,Python/4,Python,10,100,10,2,10,10,INFO,False,humaneval,llama3,7,734000
734662,Python/5,Python,10,100,10,2,10,10,INFO,False,humaneval,llama3,7,734000
734663,Python/6,Python,10,100,10,2,10,10,INFO,False,humaneval,llama3,7,734000
734664,Python/7,Python,10,100,10,2,10,10,INFO,False,humaneval,llama3,7,734000
734665,Python/8,Python,10,100,10,2,10,10,INFO,False,humaneval,llama3,7,734000
734666,Python/9,Python,10,100,10,2,10,10,INFO,False,humaneval,llama3,7,734000
734667,Python/10,Python,10,100,10,2,10,10,INFO,False,humaneval,llama3,7,734000
734668,Python/11,Python,10,100,10,2,10,10,INFO,False,humaneval,llama3,7,734000
734669,Python/12,Python,10,100,10,2,10,10,INFO,False,humaneval,llama3,7,734000
734670,Python/13,Python,10,100,10,2,10,10,INFO,False,humaneval,llama3,7,734000
734671,Python/14,Python,10,100,10,2,10,10,INFO,False,humaneval,llama3,7,734000
734672,Python/15,Python,10,100,10,2,10,10,INFO,False,humaneval,llama3,7,734000
734673,Python/16,Python,10,100,10,2,10,10,INFO,False,humaneval,llama3,7,734000
734674,Python/17,Python,10,100,10,2,10,10,INFO,False,humaneval,llama3,7,734000
734675,Python/18,Python,10,100,10,2,10,10,INFO,False,humaneval,llama3,7,734000
734676,Python/19,Python,10,100,10,2,10,10,INFO,False,humaneval,llama3,7,734000
734677,Python/20,Python,10,100,10,2,10,10,INFO,False,humaneval,llama3,7,734000
734678,Python/21,Python,10,100,10,2,10,10,INFO,False,humaneval,llama3,7,734000
734679,Python/22,Python,10,100,10,2,10,10,INFO,False,humaneval,llama3,7,734000
734680,Python/23,Python,10,100,10,2,10,10,INFO,False,humaneval,llama3,7,734000
734681,Python/24,Python,10,100,10,2,10,10,INFO,False,humaneval,llama3,7,734000
734682,Python/25,Python,10,100,10,2,10,10,INFO,False,humaneval,llama3,7,734000
734683,Python/26,Python,10,100,10,2,10,10,INFO,False,humaneval,llama3,7,734000
734684,Python/27,Python,10,100,10,2,10,10,INFO,False,humaneval,llama3,7,734000
734685,Python/28,Python,10,100,10,2,10,10,INFO,False,humaneval,llama3,7,734000
734686,Python/29,Python,10,100,10,2,10,10,INFO,False,humaneval,llama3,7,734000
734687,Python/30,Python,10,100,10,2,10,10,INFO,False,humaneval,llama3,7,734000
734688,Python/31,Python,10,100,10,2,10,10,INFO,False,humaneval,llama3,7,734000
734689,Python/32,Python,10,100,10,2,10,10,INFO,False,humaneval,llama3,7,734000
734690,Python/33,Python,10,100,10,2,10,10,INFO,False,humaneval,llama3,7,734000
734691,Python/34,Python,10,100,10,2,10,10,INFO,False,humaneval,llama3,7,734000
734692,Python/35,Python,10,100,10,2,10,10,INFO,False,humaneval,llama3,7,734000
734693,Python/36,Python,10,100,10,2,10,10,INFO,False,humaneval,llama3,7,734000
734694,Python/37,Python,10,100,10,2,10,10,INFO,False,humaneval,llama3,7,734000
734695,Python/38,Python,10,100,10,2,10,10,INFO,False,humaneval,llama3,7,734000
734696,Python/39,Python,10,100,10,2,10,10,INFO,False,humaneval,llama3,7,734000
734697,Python/40,Python,10,100,10,2,10,10,INFO,False,humaneval,llama3,7,734000
734698,Python/41,Python,10,100,10,2,10,10,INFO,False,humaneval,llama3,7,734000
734699,Python/42,Python,10,100,10,2,10,10,INFO,False,humaneval,llama3,7,734000
734700,Python/43,Python,10,100,10,2,10,10,INFO,False,humaneval,llama3,7,734000
734701,Python/44,Python,10,100,10,2,10,10,INFO,False,humaneval,llama3,7,734000
734702,Python/45,Python,10,100,10,2,10,10,INFO,False,humaneval,llama3,7,734000
734703,Python/46,Python,10,100,10,2,10,10,INFO,False,humaneval,llama3,7,734000
734704,Python/47,Python,10,100,10,2,10,10,INFO,False,humaneval,llama3,7,734000
734705,Python/48,Python,10,100,10,2,10,10,INFO,False,humaneval,llama3,7,734000
734706,Python/49,Python,10,100,10,2,10,10,INFO,False,humaneval,llama3,7,734000
734707,Python/50,Python,10,100,10,2,10,10,INFO,False,humaneval,llama3,7,734000
734708,Python/51,Python,10,100,10,2,10,10,INFO,False,humaneval,llama3,7,734000
734709,Python/52,Python,10,100,10,2,10,10,INFO,False,humaneval,llama3,7,734000
734710,Python/53,Python,10,100,10,2,10,10,INFO,False,humaneval,llama3,7,734000
734711,Python/54,Python,10,100,10,2,10,10,INFO,False,humaneval,llama3,7,734000
734712,Python/55,Python,10,100,10,2,10,10,INFO,False,humaneval,llama3,7,734000
734713,Python/56,Python,10,100,10,2,10,10,INFO,False,humaneval,llama3,7,734000
734714,Python/57,Python,10,100,10,2,10,10,INFO,False,humaneval,llama3,7,734000
734715,Python/58,Python,10,100,10,2,10,10,INFO,False,humaneval,llama3,7,734000
734716,Python/59,Python,10,100,10,2,10,10,INFO,False,humaneval,llama3,7,734000
734717,Python/60,Python,10,100,10,2,10,10,INFO,False,humaneval,llama3,7,734000
734718,Python/61,Python,10,100,10,2,10,10,INFO,False,humaneval,llama3,7,734000
734719,Python/62,Python,10,100,10,2,10,10,INFO,False,humaneval,llama3,7,734000
734720,Python/63,Python,10,100,10,2,10,10,INFO,False,humaneval,llama3,7,734000
734721,Python/64,Python,10,100,10,2,10,10,INFO,False,humaneval,llama3,7,734000
734722,Python/65,Python,10,100,10,2,10,10,INFO,False,humaneval,llama3,7,734000
734723,Python/66,Python,10,100,10,2,10,10,INFO,False,humaneval,llama3,7,734000
734724,Python/67,Python,10,100,10,2,10,10,INFO,False,humaneval,llama3,7,734000
734725,Python/68,Python,10,100,10,2,10,10,INFO,False,humaneval,llama3,7,734000
734726,Python/69,Python,10,100,10,2,10,10,INFO,False,humaneval,llama3,7,734000
734727,Python/70,Python,10,100,10,2,10,10,INFO,False,humaneval,llama3,7,734000
734728,Python/71,Python,10,100,10,2,10,10,INFO,False,humaneval,llama3,7,734000
734729,Python/72,Python,10,100,10,2,10,10,INFO,False,humaneval,llama3,7,734000
734730,Python/73,Python,10,100,10,2,10,10,INFO,False,humaneval,llama3,7,734000
734731,Python/74,Python,10,100,10,2,10,10,INFO,False,humaneval,llama3,7,734000
734732,Python/75,Python,10,100,10,2,10,10,INFO,False,humaneval,llama3,7,734000
734733,Python/76,Python,10,100,10,2,10,10,INFO,False,humaneval,llama3,7,734000
734734,Python/77,Python,10,100,10,2,10,10,INFO,False,humaneval,llama3,7,734000
734735,Python/78,Python,10,100,10,2,10,10,INFO,False,humaneval,llama3,7,734000
734736,Python/79,Python,10,100,10,2,10,10,INFO,False,humaneval,llama3,7,734000
734737,Python/80,Python,10,100,10,2,10,10,INFO,False,humaneval,llama3,7,734000
734738,Python/81,Python,10,100,10,2,10,10,INFO,False,humaneval,llama3,7,734000
734739,Python/82,Python,10,100,10,2,10,10,INFO,False,humaneval,llama3,7,734000
734740,Python/83,Python,10,100,10,2,10,10,INFO,False,humaneval,llama3,7,734000
734741,Python/84,Python,10,100,10,2,10,10,INFO,False,humaneval,llama3,7,734000
734742,Python/85,Python,10,100,10,2,10,10,INFO,False,humaneval,llama3,7,734000
734743,Python/86,Python,10,100,10,2,10,10,INFO,False,humaneval,llama3,7,734000
734744,Python/87,Python,10,100,10,2,10,10,INFO,False,humaneval,llama3,7,734000
734745,Python/88,Python,10,100,10,2,10,10,INFO,False,humaneval,llama3,7,734000
734746,Python/89,Python,10,100,10,2,10,10,INFO,False,humaneval,llama3,7,734000
734747,Python/90,Python,10,100,10,2,10,10,INFO,False,humaneval,llama3,7,734000
734748,Python/91,Python,10,100,10,2,10,10,INFO,False,humaneval,llama3,7,734000
734749,Python/92,Python,10,100,10,2,10,10,INFO,False,humaneval,llama3,7,734000
734750,Python/93,Python,10,100,10,2,10,10,INFO,False,humaneval,llama3,7,734000
734751,Python/94,Python,10,100,10,2,10,10,INFO,False,humaneval,llama3,7,734000
734752,Python/95,Python,10,100,10,2,10,10,INFO,False,humaneval,llama3,7,734000
734753,Python/96,Python,10,100,10,2,10,10,INFO,False,humaneval,llama3,7,734000
734754,Python/97,Python,10,100,10,2,10,10,INFO,False,humaneval,llama3,7,734000
734755,Python/98,Python,10,100,10,2,10,10,INFO,False,humaneval,llama3,7,734000
734756,Python/99,Python,10,100,10,2,10,10,INFO,False,humaneval,llama3,7,734000
734757,Python/100,Python,10,100,10,2,10,10,INFO,False,humaneval,llama3,7,734000
734758,Python/101,Python,10,100,10,2,10,10,INFO,False,humaneval,llama3,7,734000
734759,Python/102,Python,10,100,10,2,10,10,INFO,False,humaneval,llama3,7,734000
734760,Python/103,Python,10,100,10,2,10,10,INFO,False,humaneval,llama3,7,734000
734761,Python/104,Python,10,100,10,2,10,10,INFO,False,humaneval,llama3,7,734000
734762,Python/105,Python,10,100,10,2,10,10,INFO,False,humaneval,llama3,7,734000
734763,Python/106,Python,10,100,10,2,10,10,INFO,False,humaneval,llama3,7,734000
734764,Python/107,Python,10,100,10,2,10,10,INFO,False,humaneval,llama3,7,734000
734765,Python/108,Python,10,100,10,2,10,10,INFO,False,humaneval,llama3,7,734000
734766,Python/109,Python,10,100,10,2,10,10,INFO,False,humaneval,llama3,7,734000
734767,Python/110,Python,10,100,10,2,10,10,INFO,False,humaneval,llama3,7,734000
734768,Python/111,Python,10,100,10,2,10,10,INFO,False,humaneval,llama3,7,734000
734769,Python/112,Python,10,100,10,2,10,10,INFO,False,humaneval,llama3,7,734000
734770,Python/113,Python,10,100,10,2,10,10,INFO,False,humaneval,llama3,7,734000
734771,Python/114,Python,10,100,10,2,10,10,INFO,False,humaneval,llama3,7,734000
734772,Python/115,Python,10,100,10,2,10,10,INFO,False,humaneval,llama3,7,734000
734773,Python/116,Python,10,100,10,2,10,10,INFO,False,humaneval,llama3,7,734000
734774,Python/117,Python,10,100,10,2,10,10,INFO,False,humaneval,llama3,7,734000
734775,Python/118,Python,10,100,10,2,10,10,INFO,False,humaneval,llama3,7,734000
734776,Python/119,Python,10,100,10,2,10,10,INFO,False,humaneval,llama3,7,734000
734777,Python/120,Python,10,100,10,2,10,10,INFO,False,humaneval,llama3,7,734000
734778,Python/121,Python,10,100,10,2,10,10,INFO,False,humaneval,llama3,7,734000
734779,Python/122,Python,10,100,10,2,10,10,INFO,False,humaneval,llama3,7,734000
734780,Python/123,Python,10,100,10,2,10,10,INFO,False,humaneval,llama3,7,734000
734781,Python/124,Python,10,100,10,2,10,10,INFO,False,humaneval,llama3,7,734000
734782,Python/125,Python,10,100,10,2,10,10,INFO,False,humaneval,llama3,7,734000
734783,Python/126,Python,10,100,10,2,10,10,INFO,False,humaneval,llama3,7,734000
734784,Python/127,Python,10,100,10,2,10,10,INFO,False,humaneval,llama3,7,734000
734785,Python/128,Python,10,100,10,2,10,10,INFO,False,humaneval,llama3,7,734000
734786,Python/129,Python,10,100,10,2,10,10,INFO,False,humaneval,llama3,7,734000
734787,Python/130,Python,10,100,10,2,10,10,INFO,False,humaneval,llama3,7,734000
734788,Python/131,Python,10,100,10,2,10,10,INFO,False,humaneval,llama3,7,734000
734789,Python/132,Python,10,100,10,2,10,10,INFO,False,humaneval,llama3,7,734000
734790,Python/133,Python,10,100,10,2,10,10,INFO,False,humaneval,llama3,7,734000
734791,Python/134,Python,10,100,10,2,10,10,INFO,False,humaneval,llama3,7,734000
734792,Python/135,Python,10,100,10,2,10,10,INFO,False,humaneval,llama3,7,734000
734793,Python/136,Python,10,100,10,2,10,10,INFO,False,humaneval,llama3,7,734000
734794,Python/137,Python,10,100,10,2,10,10,INFO,False,humaneval,llama3,7,734000
734795,Python/138,Python,10,100,10,2,10,10,INFO,False,humaneval,llama3,7,734000
734796,Python/139,Python,10,100,10,2,10,10,INFO,False,humaneval,llama3,7,734000
734797,Python/140,Python,10,100,10,2,10,10,INFO,False,humaneval,llama3,7,734000
734798,Python/141,Python,10,100,10,2,10,10,INFO,False,humaneval,llama3,7,734000
734799,Python/142,Python,10,100,10,2,10,10,INFO,False,humaneval,llama3,7,734000
734800,Python/143,Python,10,100,10,2,10,10,INFO,False,humaneval,llama3,7,734000
734801,Python/144,Python,10,100,10,2,10,10,INFO,False,humaneval,llama3,7,734000
734802,Python/145,Python,10,100,10,2,10,10,INFO,False,humaneval,llama3,7,734000
734803,Python/146,Python,10,100,10,2,10,10,INFO,False,humaneval,llama3,7,734000
734804,Python/147,Python,10,100,10,2,10,10,INFO,False,humaneval,llama3,7,734000
734805,Python/148,Python,10,100,10,2,10,10,INFO,False,humaneval,llama3,7,734000
734806,Python/149,Python,10,100,10,2,10,10,INFO,False,humaneval,llama3,7,734000
734807,Python/150,Python,10,100,10,2,10,10,INFO,False,humaneval,llama3,7,734000
734808,Python/151,Python,10,100,10,2,10,10,INFO,False,humaneval,llama3,7,734000
734809,Python/152,Python,10,100,10,2,10,10,INFO,False,humaneval,llama3,7,734000
734810,Python/153,Python,10,100,10,2,10,10,INFO,False,humaneval,llama3,7,734000
734811,Python/154,Python,10,100,10,2,10,10,INFO,False,humaneval,llama3,7,734000
734812,Python/155,Python,10,100,10,2,10,10,INFO,False,humaneval,llama3,7,734000
734813,Python/156,Python,10,100,10,2,10,10,INFO,False,humaneval,llama3,7,734000
734814,Python/157,Python,10,100,10,2,10,10,INFO,False,humaneval,llama3,7,734000
734815,Python/158,Python,10,100,10,2,10,10,INFO,False,humaneval,llama3,7,734000
734816,Python/159,Python,10,100,10,2,10,10,INFO,False,humaneval,llama3,7,734000
734817,Python/160,Python,10,100,10,2,10,10,INFO,False,humaneval,llama3,7,734000
734818,Python/161,Python,10,100,10,2,10,10,INFO,False,humaneval,llama3,7,734000
734819,Python/162,Python,10,100,10,2,10,10,INFO,False,humaneval,llama3,7,734000
734820,Python/163,Python,10,100,10,2,10,10,INFO,False,humaneval,llama3,7,734000
734821,Python/0,Python,100,100,100,2,100,100,INFO,False,humaneval,llama3,7,734000
734822,Python/1,Python,100,100,100,2,100,100,INFO,False,humaneval,llama3,7,734000
734823,Python/2,Python,100,100,100,2,100,100,INFO,False,humaneval,llama3,7,734000
734824,Python/3,Python,100,100,100,2,100,100,INFO,False,humaneval,llama3,7,734000
734825,Python/4,Python,100,100,100,2,100,100,INFO,False,humaneval,llama3,7,734000
734826,Python/5,Python,100,100,100,2,100,100,INFO,False,humaneval,llama3,7,734000
734827,Python/6,Python,100,100,100,2,100,100,INFO,False,humaneval,llama3,7,734000
734828,Python/7,Python,100,100,100,2,100,100,INFO,False,humaneval,llama3,7,734000
734829,Python/8,Python,100,100,100,2,100,100,INFO,False,humaneval,llama3,7,734000
734830,Python/9,Python,100,100,100,2,100,100,INFO,False,humaneval,llama3,7,734000
734831,Python/10,Python,100,100,100,2,100,100,INFO,False,humaneval,llama3,7,734000
734832,Python/11,Python,100,100,100,2,100,100,INFO,False,humaneval,llama3,7,734000
734833,Python/12,Python,100,100,100,2,100,100,INFO,False,humaneval,llama3,7,734000
734834,Python/13,Python,100,100,100,2,100,100,INFO,False,humaneval,llama3,7,734000
734835,Python/14,Python,100,100,100,2,100,100,INFO,False,humaneval,llama3,7,734000
734836,Python/15,Python,100,100,100,2,100,100,INFO,False,humaneval,llama3,7,734000
734837,Python/16,Python,100,100,100,2,100,100,INFO,False,humaneval,llama3,7,734000
734838,Python/17,Python,100,100,100,2,100,100,INFO,False,humaneval,llama3,7,734000
734839,Python/18,Python,100,100,100,2,100,100,INFO,False,humaneval,llama3,7,734000
734840,Python/19,Python,100,100,100,2,100,100,INFO,False,humaneval,llama3,7,734000
734841,Python/20,Python,100,100,100,2,100,100,INFO,False,humaneval,llama3,7,734000
734842,Python/21,Python,100,100,100,2,100,100,INFO,False,humaneval,llama3,7,734000
734843,Python/22,Python,100,100,100,2,100,100,INFO,False,humaneval,llama3,7,734000
734844,Python/23,Python,100,100,100,2,100,100,INFO,False,humaneval,llama3,7,734000
734845,Python/24,Python,100,100,100,2,100,100,INFO,False,humaneval,llama3,7,734000
734846,Python/25,Python,100,100,100,2,100,100,INFO,False,humaneval,llama3,7,734000
734847,Python/26,Python,100,100,100,2,100,100,INFO,False,humaneval,llama3,7,734000
734848,Python/27,Python,100,100,100,2,100,100,INFO,False,humaneval,llama3,7,734000
734849,Python/28,Python,100,100,100,2,100,100,INFO,False,humaneval,llama3,7,734000
734850,Python/29,Python,100,100,100,2,100,100,INFO,False,humaneval,llama3,7,734000
734851,Python/30,Python,100,100,100,2,100,100,INFO,False,humaneval,llama3,7,734000
734852,Python/31,Python,100,100,100,2,100,100,INFO,False,humaneval,llama3,7,734000
734853,Python/32,Python,100,100,100,2,100,100,INFO,False,humaneval,llama3,7,734000
734854,Python/33,Python,100,100,100,2,100,100,INFO,False,humaneval,llama3,7,734000
734855,Python/34,Python,100,100,100,2,100,100,INFO,False,humaneval,llama3,7,734000
734856,Python/35,Python,100,100,100,2,100,100,INFO,False,humaneval,llama3,7,734000
734857,Python/36,Python,100,100,100,2,100,100,INFO,False,humaneval,llama3,7,734000
734858,Python/37,Python,100,100,100,2,100,100,INFO,False,humaneval,llama3,7,734000
734859,Python/38,Python,100,100,100,2,100,100,INFO,False,humaneval,llama3,7,734000
734860,Python/39,Python,100,100,100,2,100,100,INFO,False,humaneval,llama3,7,734000
734861,Python/40,Python,100,100,100,2,100,100,INFO,False,humaneval,llama3,7,734000
734862,Python/41,Python,100,100,100,2,100,100,INFO,False,humaneval,llama3,7,734000
734863,Python/42,Python,100,100,100,2,100,100,INFO,False,humaneval,llama3,7,734000
734864,Python/43,Python,100,100,100,2,100,100,INFO,False,humaneval,llama3,7,734000
734865,Python/44,Python,100,100,100,2,100,100,INFO,False,humaneval,llama3,7,734000
734866,Python/45,Python,100,100,100,2,100,100,INFO,False,humaneval,llama3,7,734000
734867,Python/46,Python,100,100,100,2,100,100,INFO,False,humaneval,llama3,7,734000
734868,Python/47,Python,100,100,100,2,100,100,INFO,False,humaneval,llama3,7,734000
734869,Python/48,Python,100,100,100,2,100,100,INFO,False,humaneval,llama3,7,734000
734870,Python/49,Python,100,100,100,2,100,100,INFO,False,humaneval,llama3,7,734000
734871,Python/50,Python,100,100,100,2,100,100,INFO,False,humaneval,llama3,7,734000
734872,Python/51,Python,100,100,100,2,100,100,INFO,False,humaneval,llama3,7,734000
734873,Python/52,Python,100,100,100,2,100,100,INFO,False,humaneval,llama3,7,734000
734874,Python/53,Python,100,100,100,2,100,100,INFO,False,humaneval,llama3,7,734000
734875,Python/54,Python,100,100,100,2,100,100,INFO,False,humaneval,llama3,7,734000
734876,Python/55,Python,100,100,100,2,100,100,INFO,False,humaneval,llama3,7,734000
734877,Python/56,Python,100,100,100,2,100,100,INFO,False,humaneval,llama3,7,734000
734878,Python/57,Python,100,100,100,2,100,100,INFO,False,humaneval,llama3,7,734000
734879,Python/58,Python,100,100,100,2,100,100,INFO,False,humaneval,llama3,7,734000
734880,Python/59,Python,100,100,100,2,100,100,INFO,False,humaneval,llama3,7,734000
734881,Python/60,Python,100,100,100,2,100,100,INFO,False,humaneval,llama3,7,734000
734882,Python/61,Python,100,100,100,2,100,100,INFO,False,humaneval,llama3,7,734000
734883,Python/62,Python,100,100,100,2,100,100,INFO,False,humaneval,llama3,7,734000
734884,Python/63,Python,100,100,100,2,100,100,INFO,False,humaneval,llama3,7,734000
734885,Python/64,Python,100,100,100,2,100,100,INFO,False,humaneval,llama3,7,734000
734886,Python/65,Python,100,100,100,2,100,100,INFO,False,humaneval,llama3,7,734000
734887,Python/66,Python,100,100,100,2,100,100,INFO,False,humaneval,llama3,7,734000
734888,Python/67,Python,100,100,100,2,100,100,INFO,False,humaneval,llama3,7,734000
734889,Python/68,Python,100,100,100,2,100,100,INFO,False,humaneval,llama3,7,734000
734890,Python/69,Python,100,100,100,2,100,100,INFO,False,humaneval,llama3,7,734000
734891,Python/70,Python,100,100,100,2,100,100,INFO,False,humaneval,llama3,7,734000
734892,Python/71,Python,100,100,100,2,100,100,INFO,False,humaneval,llama3,7,734000
734893,Python/72,Python,100,100,100,2,100,100,INFO,False,humaneval,llama3,7,734000
734894,Python/73,Python,100,100,100,2,100,100,INFO,False,humaneval,llama3,7,734000
734895,Python/74,Python,100,100,100,2,100,100,INFO,False,humaneval,llama3,7,734000
734896,Python/75,Python,100,100,100,2,100,100,INFO,False,humaneval,llama3,7,734000
734897,Python/76,Python,100,100,100,2,100,100,INFO,False,humaneval,llama3,7,734000
734898,Python/77,Python,100,100,100,2,100,100,INFO,False,humaneval,llama3,7,734000
734899,Python/78,Python,100,100,100,2,100,100,INFO,False,humaneval,llama3,7,734000
734900,Python/79,Python,100,100,100,2,100,100,INFO,False,humaneval,llama3,7,734000
734901,Python/80,Python,100,100,100,2,100,100,INFO,False,humaneval,llama3,7,734000
734902,Python/81,Python,100,100,100,2,100,100,INFO,False,humaneval,llama3,7,734000
734903,Python/82,Python,100,100,100,2,100,100,INFO,False,humaneval,llama3,7,734000
734904,Python/83,Python,100,100,100,2,100,100,INFO,False,humaneval,llama3,7,734000
734905,Python/84,Python,100,100,100,2,100,100,INFO,False,humaneval,llama3,7,734000
734906,Python/85,Python,100,100,100,2,100,100,INFO,False,humaneval,llama3,7,734000
734907,Python/86,Python,100,100,100,2,100,100,INFO,False,humaneval,llama3,7,734000
734908,Python/87,Python,100,100,100,2,100,100,INFO,False,humaneval,llama3,7,734000
734909,Python/88,Python,100,100,100,2,100,100,INFO,False,humaneval,llama3,7,734000
734910,Python/89,Python,100,100,100,2,100,100,INFO,False,humaneval,llama3,7,734000
734911,Python/90,Python,100,100,100,2,100,100,INFO,False,humaneval,llama3,7,734000
734912,Python/91,Python,100,100,100,2,100,100,INFO,False,humaneval,llama3,7,734000
734913,Python/92,Python,100,100,100,2,100,100,INFO,False,humaneval,llama3,7,734000
734914,Python/93,Python,100,100,100,2,100,100,INFO,False,humaneval,llama3,7,734000
734915,Python/94,Python,100,100,100,2,100,100,INFO,False,humaneval,llama3,7,734000
734916,Python/95,Python,100,100,100,2,100,100,INFO,False,humaneval,llama3,7,734000
734917,Python/96,Python,100,100,100,2,100,100,INFO,False,humaneval,llama3,7,734000
734918,Python/97,Python,100,100,100,2,100,100,INFO,False,humaneval,llama3,7,734000
734919,Python/98,Python,100,100,100,2,100,100,INFO,False,humaneval,llama3,7,734000
734920,Python/99,Python,100,100,100,2,100,100,INFO,False,humaneval,llama3,7,734000
734921,Python/100,Python,100,100,100,2,100,100,INFO,False,humaneval,llama3,7,734000
734922,Python/101,Python,100,100,100,2,100,100,INFO,False,humaneval,llama3,7,734000
734923,Python/102,Python,100,100,100,2,100,100,INFO,False,humaneval,llama3,7,734000
734924,Python/103,Python,100,100,100,2,100,100,INFO,False,humaneval,llama3,7,734000
734925,Python/104,Python,100,100,100,2,100,100,INFO,False,humaneval,llama3,7,734000
734926,Python/105,Python,100,100,100,2,100,100,INFO,False,humaneval,llama3,7,734000
734927,Python/106,Python,100,100,100,2,100,100,INFO,False,humaneval,llama3,7,734000
734928,Python/107,Python,100,100,100,2,100,100,INFO,False,humaneval,llama3,7,734000
734929,Python/108,Python,100,100,100,2,100,100,INFO,False,humaneval,llama3,7,734000
734930,Python/109,Python,100,100,100,2,100,100,INFO,False,humaneval,llama3,7,734000
734931,Python/110,Python,100,100,100,2,100,100,INFO,False,humaneval,llama3,7,734000
734932,Python/111,Python,100,100,100,2,100,100,INFO,False,humaneval,llama3,7,734000
734933,Python/112,Python,100,100,100,2,100,100,INFO,False,humaneval,llama3,7,734000
734934,Python/113,Python,100,100,100,2,100,100,INFO,False,humaneval,llama3,7,734000
734935,Python/114,Python,100,100,100,2,100,100,INFO,False,humaneval,llama3,7,734000
734936,Python/115,Python,100,100,100,2,100,100,INFO,False,humaneval,llama3,7,734000
734937,Python/116,Python,100,100,100,2,100,100,INFO,False,humaneval,llama3,7,734000
734938,Python/117,Python,100,100,100,2,100,100,INFO,False,humaneval,llama3,7,734000
734939,Python/118,Python,100,100,100,2,100,100,INFO,False,humaneval,llama3,7,734000
734940,Python/119,Python,100,100,100,2,100,100,INFO,False,humaneval,llama3,7,734000
734941,Python/120,Python,100,100,100,2,100,100,INFO,False,humaneval,llama3,7,734000
734942,Python/121,Python,100,100,100,2,100,100,INFO,False,humaneval,llama3,7,734000
734943,Python/122,Python,100,100,100,2,100,100,INFO,False,humaneval,llama3,7,734000
734944,Python/123,Python,100,100,100,2,100,100,INFO,False,humaneval,llama3,7,734000
734945,Python/124,Python,100,100,100,2,100,100,INFO,False,humaneval,llama3,7,734000
734946,Python/125,Python,100,100,100,2,100,100,INFO,False,humaneval,llama3,7,734000
734947,Python/126,Python,100,100,100,2,100,100,INFO,False,humaneval,llama3,7,734000
734948,Python/127,Python,100,100,100,2,100,100,INFO,False,humaneval,llama3,7,734000
734949,Python/128,Python,100,100,100,2,100,100,INFO,False,humaneval,llama3,7,734000
734950,Python/129,Python,100,100,100,2,100,100,INFO,False,humaneval,llama3,7,734000
734951,Python/130,Python,100,100,100,2,100,100,INFO,False,humaneval,llama3,7,734000
734952,Python/131,Python,100,100,100,2,100,100,INFO,False,humaneval,llama3,7,734000
734953,Python/132,Python,100,100,100,2,100,100,INFO,False,humaneval,llama3,7,734000
734954,Python/133,Python,100,100,100,2,100,100,INFO,False,humaneval,llama3,7,734000
734955,Python/134,Python,100,100,100,2,100,100,INFO,False,humaneval,llama3,7,734000
734956,Python/135,Python,100,100,100,2,100,100,INFO,False,humaneval,llama3,7,734000
734957,Python/136,Python,100,100,100,2,100,100,INFO,False,humaneval,llama3,7,734000
734958,Python/137,Python,100,100,100,2,100,100,INFO,False,humaneval,llama3,7,734000
734959,Python/138,Python,100,100,100,2,100,100,INFO,False,humaneval,llama3,7,734000
734960,Python/139,Python,100,100,100,2,100,100,INFO,False,humaneval,llama3,7,734000
734961,Python/140,Python,100,100,100,2,100,100,INFO,False,humaneval,llama3,7,734000
734962,Python/141,Python,100,100,100,2,100,100,INFO,False,humaneval,llama3,7,734000
734963,Python/142,Python,100,100,100,2,100,100,INFO,False,humaneval,llama3,7,734000
734964,Python/143,Python,100,100,100,2,100,100,INFO,False,humaneval,llama3,7,734000
734965,Python/144,Python,100,100,100,2,100,100,INFO,False,humaneval,llama3,7,734000
734966,Python/145,Python,100,100,100,2,100,100,INFO,False,humaneval,llama3,7,734000
734967,Python/146,Python,100,100,100,2,100,100,INFO,False,humaneval,llama3,7,734000
734968,Python/147,Python,100,100,100,2,100,100,INFO,False,humaneval,llama3,7,734000
734969,Python/148,Python,100,100,100,2,100,100,INFO,False,humaneval,llama3,7,734000
734970,Python/149,Python,100,100,100,2,100,100,INFO,False,humaneval,llama3,7,734000
734971,Python/150,Python,100,100,100,2,100,100,INFO,False,humaneval,llama3,7,734000
734972,Python/151,Python,100,100,100,2,100,100,INFO,False,humaneval,llama3,7,734000
734973,Python/152,Python,100,100,100,2,100,100,INFO,False,humaneval,llama3,7,734000
734974,Python/153,Python,100,100,100,2,100,100,INFO,False,humaneval,llama3,7,734000
734975,Python/154,Python,100,100,100,2,100,100,INFO,False,humaneval,llama3,7,734000
734976,Python/155,Python,100,100,100,2,100,100,INFO,False,humaneval,llama3,7,734000
734977,Python/156,Python,100,100,100,2,100,100,INFO,False,humaneval,llama3,7,734000
734978,Python/157,Python,100,100,100,2,100,100,INFO,False,humaneval,llama3,7,734000
734979,Python/158,Python,100,100,100,2,100,100,INFO,False,humaneval,llama3,7,734000
734980,Python/159,Python,100,100,100,2,100,100,INFO,False,humaneval,llama3,7,734000
734981,Python/160,Python,100,100,100,2,100,100,INFO,False,humaneval,llama3,7,734000
734982,Python/161,Python,100,100,100,2,100,100,INFO,False,humaneval,llama3,7,734000
734983,Python/162,Python,100,100,100,2,100,100,INFO,False,humaneval,llama3,7,734000
734984,Python/163,Python,100,100,100,2,100,100,INFO,False,humaneval,llama3,7,734000
