task_id,problem,language,branching_factor,max_programs,beam_width,debug_prompt_id,log,dataset
1,CPP/0,C++,2,100,2,0,INFO,humaneval
2,CPP/1,C++,2,100,2,0,INFO,humaneval
3,CPP/2,C++,2,100,2,0,INFO,humaneval
4,CPP/3,C++,2,100,2,0,INFO,humaneval
5,CPP/4,C++,2,100,2,0,INFO,humaneval
6,CPP/5,C++,2,100,2,0,INFO,humaneval
7,CPP/6,C++,2,100,2,0,INFO,humaneval
8,CPP/7,C++,2,100,2,0,INFO,humaneval
9,CPP/8,C++,2,100,2,0,INFO,humaneval
10,CPP/9,C++,2,100,2,0,INFO,humaneval
11,CPP/10,C++,2,100,2,0,INFO,humaneval
12,CPP/11,C++,2,100,2,0,INFO,humaneval
13,CPP/12,C++,2,100,2,0,INFO,humaneval
14,CPP/13,C++,2,100,2,0,INFO,humaneval
15,CPP/14,C++,2,100,2,0,INFO,humaneval
16,CPP/15,C++,2,100,2,0,INFO,humaneval
17,CPP/16,C++,2,100,2,0,INFO,humaneval
18,CPP/17,C++,2,100,2,0,INFO,humaneval
19,CPP/18,C++,2,100,2,0,INFO,humaneval
20,CPP/19,C++,2,100,2,0,INFO,humaneval
21,CPP/20,C++,2,100,2,0,INFO,humaneval
22,CPP/21,C++,2,100,2,0,INFO,humaneval
23,CPP/22,C++,2,100,2,0,INFO,humaneval
24,CPP/23,C++,2,100,2,0,INFO,humaneval
25,CPP/24,C++,2,100,2,0,INFO,humaneval
26,CPP/25,C++,2,100,2,0,INFO,humaneval
27,CPP/26,C++,2,100,2,0,INFO,humaneval
28,CPP/27,C++,2,100,2,0,INFO,humaneval
29,CPP/28,C++,2,100,2,0,INFO,humaneval
30,CPP/29,C++,2,100,2,0,INFO,humaneval
31,CPP/30,C++,2,100,2,0,INFO,humaneval
32,CPP/31,C++,2,100,2,0,INFO,humaneval
33,CPP/32,C++,2,100,2,0,INFO,humaneval
34,CPP/33,C++,2,100,2,0,INFO,humaneval
35,CPP/34,C++,2,100,2,0,INFO,humaneval
36,CPP/35,C++,2,100,2,0,INFO,humaneval
37,CPP/36,C++,2,100,2,0,INFO,humaneval
38,CPP/37,C++,2,100,2,0,INFO,humaneval
39,CPP/38,C++,2,100,2,0,INFO,humaneval
40,CPP/39,C++,2,100,2,0,INFO,humaneval
41,CPP/40,C++,2,100,2,0,INFO,humaneval
42,CPP/41,C++,2,100,2,0,INFO,humaneval
43,CPP/42,C++,2,100,2,0,INFO,humaneval
44,CPP/43,C++,2,100,2,0,INFO,humaneval
45,CPP/44,C++,2,100,2,0,INFO,humaneval
46,CPP/45,C++,2,100,2,0,INFO,humaneval
47,CPP/46,C++,2,100,2,0,INFO,humaneval
48,CPP/47,C++,2,100,2,0,INFO,humaneval
49,CPP/48,C++,2,100,2,0,INFO,humaneval
50,CPP/49,C++,2,100,2,0,INFO,humaneval
51,CPP/50,C++,2,100,2,0,INFO,humaneval
52,CPP/51,C++,2,100,2,0,INFO,humaneval
53,CPP/52,C++,2,100,2,0,INFO,humaneval
54,CPP/53,C++,2,100,2,0,INFO,humaneval
55,CPP/54,C++,2,100,2,0,INFO,humaneval
56,CPP/55,C++,2,100,2,0,INFO,humaneval
57,CPP/56,C++,2,100,2,0,INFO,humaneval
58,CPP/57,C++,2,100,2,0,INFO,humaneval
59,CPP/58,C++,2,100,2,0,INFO,humaneval
60,CPP/59,C++,2,100,2,0,INFO,humaneval
61,CPP/60,C++,2,100,2,0,INFO,humaneval
62,CPP/61,C++,2,100,2,0,INFO,humaneval
63,CPP/62,C++,2,100,2,0,INFO,humaneval
64,CPP/63,C++,2,100,2,0,INFO,humaneval
65,CPP/64,C++,2,100,2,0,INFO,humaneval
66,CPP/65,C++,2,100,2,0,INFO,humaneval
67,CPP/66,C++,2,100,2,0,INFO,humaneval
68,CPP/67,C++,2,100,2,0,INFO,humaneval
69,CPP/68,C++,2,100,2,0,INFO,humaneval
70,CPP/69,C++,2,100,2,0,INFO,humaneval
71,CPP/70,C++,2,100,2,0,INFO,humaneval
72,CPP/71,C++,2,100,2,0,INFO,humaneval
73,CPP/72,C++,2,100,2,0,INFO,humaneval
74,CPP/73,C++,2,100,2,0,INFO,humaneval
75,CPP/74,C++,2,100,2,0,INFO,humaneval
76,CPP/75,C++,2,100,2,0,INFO,humaneval
77,CPP/76,C++,2,100,2,0,INFO,humaneval
78,CPP/77,C++,2,100,2,0,INFO,humaneval
79,CPP/78,C++,2,100,2,0,INFO,humaneval
80,CPP/79,C++,2,100,2,0,INFO,humaneval
81,CPP/80,C++,2,100,2,0,INFO,humaneval
82,CPP/81,C++,2,100,2,0,INFO,humaneval
83,CPP/82,C++,2,100,2,0,INFO,humaneval
84,CPP/83,C++,2,100,2,0,INFO,humaneval
85,CPP/84,C++,2,100,2,0,INFO,humaneval
86,CPP/85,C++,2,100,2,0,INFO,humaneval
87,CPP/86,C++,2,100,2,0,INFO,humaneval
88,CPP/87,C++,2,100,2,0,INFO,humaneval
89,CPP/88,C++,2,100,2,0,INFO,humaneval
90,CPP/89,C++,2,100,2,0,INFO,humaneval
91,CPP/90,C++,2,100,2,0,INFO,humaneval
92,CPP/91,C++,2,100,2,0,INFO,humaneval
93,CPP/92,C++,2,100,2,0,INFO,humaneval
94,CPP/93,C++,2,100,2,0,INFO,humaneval
95,CPP/94,C++,2,100,2,0,INFO,humaneval
96,CPP/95,C++,2,100,2,0,INFO,humaneval
97,CPP/96,C++,2,100,2,0,INFO,humaneval
98,CPP/97,C++,2,100,2,0,INFO,humaneval
99,CPP/98,C++,2,100,2,0,INFO,humaneval
100,CPP/99,C++,2,100,2,0,INFO,humaneval
101,CPP/100,C++,2,100,2,0,INFO,humaneval
102,CPP/101,C++,2,100,2,0,INFO,humaneval
103,CPP/102,C++,2,100,2,0,INFO,humaneval
104,CPP/103,C++,2,100,2,0,INFO,humaneval
105,CPP/104,C++,2,100,2,0,INFO,humaneval
106,CPP/105,C++,2,100,2,0,INFO,humaneval
107,CPP/106,C++,2,100,2,0,INFO,humaneval
108,CPP/107,C++,2,100,2,0,INFO,humaneval
109,CPP/108,C++,2,100,2,0,INFO,humaneval
110,CPP/109,C++,2,100,2,0,INFO,humaneval
111,CPP/110,C++,2,100,2,0,INFO,humaneval
112,CPP/111,C++,2,100,2,0,INFO,humaneval
113,CPP/112,C++,2,100,2,0,INFO,humaneval
114,CPP/113,C++,2,100,2,0,INFO,humaneval
115,CPP/114,C++,2,100,2,0,INFO,humaneval
116,CPP/115,C++,2,100,2,0,INFO,humaneval
117,CPP/116,C++,2,100,2,0,INFO,humaneval
118,CPP/117,C++,2,100,2,0,INFO,humaneval
119,CPP/118,C++,2,100,2,0,INFO,humaneval
120,CPP/119,C++,2,100,2,0,INFO,humaneval
121,CPP/120,C++,2,100,2,0,INFO,humaneval
122,CPP/121,C++,2,100,2,0,INFO,humaneval
123,CPP/122,C++,2,100,2,0,INFO,humaneval
124,CPP/123,C++,2,100,2,0,INFO,humaneval
125,CPP/124,C++,2,100,2,0,INFO,humaneval
126,CPP/125,C++,2,100,2,0,INFO,humaneval
127,CPP/126,C++,2,100,2,0,INFO,humaneval
128,CPP/127,C++,2,100,2,0,INFO,humaneval
129,CPP/128,C++,2,100,2,0,INFO,humaneval
130,CPP/129,C++,2,100,2,0,INFO,humaneval
131,CPP/130,C++,2,100,2,0,INFO,humaneval
132,CPP/131,C++,2,100,2,0,INFO,humaneval
133,CPP/132,C++,2,100,2,0,INFO,humaneval
134,CPP/133,C++,2,100,2,0,INFO,humaneval
135,CPP/134,C++,2,100,2,0,INFO,humaneval
136,CPP/135,C++,2,100,2,0,INFO,humaneval
137,CPP/136,C++,2,100,2,0,INFO,humaneval
138,CPP/137,C++,2,100,2,0,INFO,humaneval
139,CPP/138,C++,2,100,2,0,INFO,humaneval
140,CPP/139,C++,2,100,2,0,INFO,humaneval
141,CPP/140,C++,2,100,2,0,INFO,humaneval
142,CPP/141,C++,2,100,2,0,INFO,humaneval
143,CPP/142,C++,2,100,2,0,INFO,humaneval
144,CPP/143,C++,2,100,2,0,INFO,humaneval
145,CPP/144,C++,2,100,2,0,INFO,humaneval
146,CPP/145,C++,2,100,2,0,INFO,humaneval
147,CPP/146,C++,2,100,2,0,INFO,humaneval
148,CPP/147,C++,2,100,2,0,INFO,humaneval
149,CPP/148,C++,2,100,2,0,INFO,humaneval
150,CPP/149,C++,2,100,2,0,INFO,humaneval
151,CPP/150,C++,2,100,2,0,INFO,humaneval
152,CPP/151,C++,2,100,2,0,INFO,humaneval
153,CPP/152,C++,2,100,2,0,INFO,humaneval
154,CPP/153,C++,2,100,2,0,INFO,humaneval
155,CPP/154,C++,2,100,2,0,INFO,humaneval
156,CPP/155,C++,2,100,2,0,INFO,humaneval
157,CPP/156,C++,2,100,2,0,INFO,humaneval
158,CPP/157,C++,2,100,2,0,INFO,humaneval
159,CPP/158,C++,2,100,2,0,INFO,humaneval
160,CPP/159,C++,2,100,2,0,INFO,humaneval
161,CPP/160,C++,2,100,2,0,INFO,humaneval
162,CPP/161,C++,2,100,2,0,INFO,humaneval
163,CPP/162,C++,2,100,2,0,INFO,humaneval
164,CPP/163,C++,2,100,2,0,INFO,humaneval
165,CPP/0,C++,4,100,4,0,INFO,humaneval
166,CPP/1,C++,4,100,4,0,INFO,humaneval
167,CPP/2,C++,4,100,4,0,INFO,humaneval
168,CPP/3,C++,4,100,4,0,INFO,humaneval
169,CPP/4,C++,4,100,4,0,INFO,humaneval
170,CPP/5,C++,4,100,4,0,INFO,humaneval
171,CPP/6,C++,4,100,4,0,INFO,humaneval
172,CPP/7,C++,4,100,4,0,INFO,humaneval
173,CPP/8,C++,4,100,4,0,INFO,humaneval
174,CPP/9,C++,4,100,4,0,INFO,humaneval
175,CPP/10,C++,4,100,4,0,INFO,humaneval
176,CPP/11,C++,4,100,4,0,INFO,humaneval
177,CPP/12,C++,4,100,4,0,INFO,humaneval
178,CPP/13,C++,4,100,4,0,INFO,humaneval
179,CPP/14,C++,4,100,4,0,INFO,humaneval
180,CPP/15,C++,4,100,4,0,INFO,humaneval
181,CPP/16,C++,4,100,4,0,INFO,humaneval
182,CPP/17,C++,4,100,4,0,INFO,humaneval
183,CPP/18,C++,4,100,4,0,INFO,humaneval
184,CPP/19,C++,4,100,4,0,INFO,humaneval
185,CPP/20,C++,4,100,4,0,INFO,humaneval
186,CPP/21,C++,4,100,4,0,INFO,humaneval
187,CPP/22,C++,4,100,4,0,INFO,humaneval
188,CPP/23,C++,4,100,4,0,INFO,humaneval
189,CPP/24,C++,4,100,4,0,INFO,humaneval
190,CPP/25,C++,4,100,4,0,INFO,humaneval
191,CPP/26,C++,4,100,4,0,INFO,humaneval
192,CPP/27,C++,4,100,4,0,INFO,humaneval
193,CPP/28,C++,4,100,4,0,INFO,humaneval
194,CPP/29,C++,4,100,4,0,INFO,humaneval
195,CPP/30,C++,4,100,4,0,INFO,humaneval
196,CPP/31,C++,4,100,4,0,INFO,humaneval
197,CPP/32,C++,4,100,4,0,INFO,humaneval
198,CPP/33,C++,4,100,4,0,INFO,humaneval
199,CPP/34,C++,4,100,4,0,INFO,humaneval
200,CPP/35,C++,4,100,4,0,INFO,humaneval
201,CPP/36,C++,4,100,4,0,INFO,humaneval
202,CPP/37,C++,4,100,4,0,INFO,humaneval
203,CPP/38,C++,4,100,4,0,INFO,humaneval
204,CPP/39,C++,4,100,4,0,INFO,humaneval
205,CPP/40,C++,4,100,4,0,INFO,humaneval
206,CPP/41,C++,4,100,4,0,INFO,humaneval
207,CPP/42,C++,4,100,4,0,INFO,humaneval
208,CPP/43,C++,4,100,4,0,INFO,humaneval
209,CPP/44,C++,4,100,4,0,INFO,humaneval
210,CPP/45,C++,4,100,4,0,INFO,humaneval
211,CPP/46,C++,4,100,4,0,INFO,humaneval
212,CPP/47,C++,4,100,4,0,INFO,humaneval
213,CPP/48,C++,4,100,4,0,INFO,humaneval
214,CPP/49,C++,4,100,4,0,INFO,humaneval
215,CPP/50,C++,4,100,4,0,INFO,humaneval
216,CPP/51,C++,4,100,4,0,INFO,humaneval
217,CPP/52,C++,4,100,4,0,INFO,humaneval
218,CPP/53,C++,4,100,4,0,INFO,humaneval
219,CPP/54,C++,4,100,4,0,INFO,humaneval
220,CPP/55,C++,4,100,4,0,INFO,humaneval
221,CPP/56,C++,4,100,4,0,INFO,humaneval
222,CPP/57,C++,4,100,4,0,INFO,humaneval
223,CPP/58,C++,4,100,4,0,INFO,humaneval
224,CPP/59,C++,4,100,4,0,INFO,humaneval
225,CPP/60,C++,4,100,4,0,INFO,humaneval
226,CPP/61,C++,4,100,4,0,INFO,humaneval
227,CPP/62,C++,4,100,4,0,INFO,humaneval
228,CPP/63,C++,4,100,4,0,INFO,humaneval
229,CPP/64,C++,4,100,4,0,INFO,humaneval
230,CPP/65,C++,4,100,4,0,INFO,humaneval
231,CPP/66,C++,4,100,4,0,INFO,humaneval
232,CPP/67,C++,4,100,4,0,INFO,humaneval
233,CPP/68,C++,4,100,4,0,INFO,humaneval
234,CPP/69,C++,4,100,4,0,INFO,humaneval
235,CPP/70,C++,4,100,4,0,INFO,humaneval
236,CPP/71,C++,4,100,4,0,INFO,humaneval
237,CPP/72,C++,4,100,4,0,INFO,humaneval
238,CPP/73,C++,4,100,4,0,INFO,humaneval
239,CPP/74,C++,4,100,4,0,INFO,humaneval
240,CPP/75,C++,4,100,4,0,INFO,humaneval
241,CPP/76,C++,4,100,4,0,INFO,humaneval
242,CPP/77,C++,4,100,4,0,INFO,humaneval
243,CPP/78,C++,4,100,4,0,INFO,humaneval
244,CPP/79,C++,4,100,4,0,INFO,humaneval
245,CPP/80,C++,4,100,4,0,INFO,humaneval
246,CPP/81,C++,4,100,4,0,INFO,humaneval
247,CPP/82,C++,4,100,4,0,INFO,humaneval
248,CPP/83,C++,4,100,4,0,INFO,humaneval
249,CPP/84,C++,4,100,4,0,INFO,humaneval
250,CPP/85,C++,4,100,4,0,INFO,humaneval
251,CPP/86,C++,4,100,4,0,INFO,humaneval
252,CPP/87,C++,4,100,4,0,INFO,humaneval
253,CPP/88,C++,4,100,4,0,INFO,humaneval
254,CPP/89,C++,4,100,4,0,INFO,humaneval
255,CPP/90,C++,4,100,4,0,INFO,humaneval
256,CPP/91,C++,4,100,4,0,INFO,humaneval
257,CPP/92,C++,4,100,4,0,INFO,humaneval
258,CPP/93,C++,4,100,4,0,INFO,humaneval
259,CPP/94,C++,4,100,4,0,INFO,humaneval
260,CPP/95,C++,4,100,4,0,INFO,humaneval
261,CPP/96,C++,4,100,4,0,INFO,humaneval
262,CPP/97,C++,4,100,4,0,INFO,humaneval
263,CPP/98,C++,4,100,4,0,INFO,humaneval
264,CPP/99,C++,4,100,4,0,INFO,humaneval
265,CPP/100,C++,4,100,4,0,INFO,humaneval
266,CPP/101,C++,4,100,4,0,INFO,humaneval
267,CPP/102,C++,4,100,4,0,INFO,humaneval
268,CPP/103,C++,4,100,4,0,INFO,humaneval
269,CPP/104,C++,4,100,4,0,INFO,humaneval
270,CPP/105,C++,4,100,4,0,INFO,humaneval
271,CPP/106,C++,4,100,4,0,INFO,humaneval
272,CPP/107,C++,4,100,4,0,INFO,humaneval
273,CPP/108,C++,4,100,4,0,INFO,humaneval
274,CPP/109,C++,4,100,4,0,INFO,humaneval
275,CPP/110,C++,4,100,4,0,INFO,humaneval
276,CPP/111,C++,4,100,4,0,INFO,humaneval
277,CPP/112,C++,4,100,4,0,INFO,humaneval
278,CPP/113,C++,4,100,4,0,INFO,humaneval
279,CPP/114,C++,4,100,4,0,INFO,humaneval
280,CPP/115,C++,4,100,4,0,INFO,humaneval
281,CPP/116,C++,4,100,4,0,INFO,humaneval
282,CPP/117,C++,4,100,4,0,INFO,humaneval
283,CPP/118,C++,4,100,4,0,INFO,humaneval
284,CPP/119,C++,4,100,4,0,INFO,humaneval
285,CPP/120,C++,4,100,4,0,INFO,humaneval
286,CPP/121,C++,4,100,4,0,INFO,humaneval
287,CPP/122,C++,4,100,4,0,INFO,humaneval
288,CPP/123,C++,4,100,4,0,INFO,humaneval
289,CPP/124,C++,4,100,4,0,INFO,humaneval
290,CPP/125,C++,4,100,4,0,INFO,humaneval
291,CPP/126,C++,4,100,4,0,INFO,humaneval
292,CPP/127,C++,4,100,4,0,INFO,humaneval
293,CPP/128,C++,4,100,4,0,INFO,humaneval
294,CPP/129,C++,4,100,4,0,INFO,humaneval
295,CPP/130,C++,4,100,4,0,INFO,humaneval
296,CPP/131,C++,4,100,4,0,INFO,humaneval
297,CPP/132,C++,4,100,4,0,INFO,humaneval
298,CPP/133,C++,4,100,4,0,INFO,humaneval
299,CPP/134,C++,4,100,4,0,INFO,humaneval
300,CPP/135,C++,4,100,4,0,INFO,humaneval
301,CPP/136,C++,4,100,4,0,INFO,humaneval
302,CPP/137,C++,4,100,4,0,INFO,humaneval
303,CPP/138,C++,4,100,4,0,INFO,humaneval
304,CPP/139,C++,4,100,4,0,INFO,humaneval
305,CPP/140,C++,4,100,4,0,INFO,humaneval
306,CPP/141,C++,4,100,4,0,INFO,humaneval
307,CPP/142,C++,4,100,4,0,INFO,humaneval
308,CPP/143,C++,4,100,4,0,INFO,humaneval
309,CPP/144,C++,4,100,4,0,INFO,humaneval
310,CPP/145,C++,4,100,4,0,INFO,humaneval
311,CPP/146,C++,4,100,4,0,INFO,humaneval
312,CPP/147,C++,4,100,4,0,INFO,humaneval
313,CPP/148,C++,4,100,4,0,INFO,humaneval
314,CPP/149,C++,4,100,4,0,INFO,humaneval
315,CPP/150,C++,4,100,4,0,INFO,humaneval
316,CPP/151,C++,4,100,4,0,INFO,humaneval
317,CPP/152,C++,4,100,4,0,INFO,humaneval
318,CPP/153,C++,4,100,4,0,INFO,humaneval
319,CPP/154,C++,4,100,4,0,INFO,humaneval
320,CPP/155,C++,4,100,4,0,INFO,humaneval
321,CPP/156,C++,4,100,4,0,INFO,humaneval
322,CPP/157,C++,4,100,4,0,INFO,humaneval
323,CPP/158,C++,4,100,4,0,INFO,humaneval
324,CPP/159,C++,4,100,4,0,INFO,humaneval
325,CPP/160,C++,4,100,4,0,INFO,humaneval
326,CPP/161,C++,4,100,4,0,INFO,humaneval
327,CPP/162,C++,4,100,4,0,INFO,humaneval
328,CPP/163,C++,4,100,4,0,INFO,humaneval
329,CPP/0,C++,16,100,16,0,INFO,humaneval
330,CPP/1,C++,16,100,16,0,INFO,humaneval
331,CPP/2,C++,16,100,16,0,INFO,humaneval
332,CPP/3,C++,16,100,16,0,INFO,humaneval
333,CPP/4,C++,16,100,16,0,INFO,humaneval
334,CPP/5,C++,16,100,16,0,INFO,humaneval
335,CPP/6,C++,16,100,16,0,INFO,humaneval
336,CPP/7,C++,16,100,16,0,INFO,humaneval
337,CPP/8,C++,16,100,16,0,INFO,humaneval
338,CPP/9,C++,16,100,16,0,INFO,humaneval
339,CPP/10,C++,16,100,16,0,INFO,humaneval
340,CPP/11,C++,16,100,16,0,INFO,humaneval
341,CPP/12,C++,16,100,16,0,INFO,humaneval
342,CPP/13,C++,16,100,16,0,INFO,humaneval
343,CPP/14,C++,16,100,16,0,INFO,humaneval
344,CPP/15,C++,16,100,16,0,INFO,humaneval
345,CPP/16,C++,16,100,16,0,INFO,humaneval
346,CPP/17,C++,16,100,16,0,INFO,humaneval
347,CPP/18,C++,16,100,16,0,INFO,humaneval
348,CPP/19,C++,16,100,16,0,INFO,humaneval
349,CPP/20,C++,16,100,16,0,INFO,humaneval
350,CPP/21,C++,16,100,16,0,INFO,humaneval
351,CPP/22,C++,16,100,16,0,INFO,humaneval
352,CPP/23,C++,16,100,16,0,INFO,humaneval
353,CPP/24,C++,16,100,16,0,INFO,humaneval
354,CPP/25,C++,16,100,16,0,INFO,humaneval
355,CPP/26,C++,16,100,16,0,INFO,humaneval
356,CPP/27,C++,16,100,16,0,INFO,humaneval
357,CPP/28,C++,16,100,16,0,INFO,humaneval
358,CPP/29,C++,16,100,16,0,INFO,humaneval
359,CPP/30,C++,16,100,16,0,INFO,humaneval
360,CPP/31,C++,16,100,16,0,INFO,humaneval
361,CPP/32,C++,16,100,16,0,INFO,humaneval
362,CPP/33,C++,16,100,16,0,INFO,humaneval
363,CPP/34,C++,16,100,16,0,INFO,humaneval
364,CPP/35,C++,16,100,16,0,INFO,humaneval
365,CPP/36,C++,16,100,16,0,INFO,humaneval
366,CPP/37,C++,16,100,16,0,INFO,humaneval
367,CPP/38,C++,16,100,16,0,INFO,humaneval
368,CPP/39,C++,16,100,16,0,INFO,humaneval
369,CPP/40,C++,16,100,16,0,INFO,humaneval
370,CPP/41,C++,16,100,16,0,INFO,humaneval
371,CPP/42,C++,16,100,16,0,INFO,humaneval
372,CPP/43,C++,16,100,16,0,INFO,humaneval
373,CPP/44,C++,16,100,16,0,INFO,humaneval
374,CPP/45,C++,16,100,16,0,INFO,humaneval
375,CPP/46,C++,16,100,16,0,INFO,humaneval
376,CPP/47,C++,16,100,16,0,INFO,humaneval
377,CPP/48,C++,16,100,16,0,INFO,humaneval
378,CPP/49,C++,16,100,16,0,INFO,humaneval
379,CPP/50,C++,16,100,16,0,INFO,humaneval
380,CPP/51,C++,16,100,16,0,INFO,humaneval
381,CPP/52,C++,16,100,16,0,INFO,humaneval
382,CPP/53,C++,16,100,16,0,INFO,humaneval
383,CPP/54,C++,16,100,16,0,INFO,humaneval
384,CPP/55,C++,16,100,16,0,INFO,humaneval
385,CPP/56,C++,16,100,16,0,INFO,humaneval
386,CPP/57,C++,16,100,16,0,INFO,humaneval
387,CPP/58,C++,16,100,16,0,INFO,humaneval
388,CPP/59,C++,16,100,16,0,INFO,humaneval
389,CPP/60,C++,16,100,16,0,INFO,humaneval
390,CPP/61,C++,16,100,16,0,INFO,humaneval
391,CPP/62,C++,16,100,16,0,INFO,humaneval
392,CPP/63,C++,16,100,16,0,INFO,humaneval
393,CPP/64,C++,16,100,16,0,INFO,humaneval
394,CPP/65,C++,16,100,16,0,INFO,humaneval
395,CPP/66,C++,16,100,16,0,INFO,humaneval
396,CPP/67,C++,16,100,16,0,INFO,humaneval
397,CPP/68,C++,16,100,16,0,INFO,humaneval
398,CPP/69,C++,16,100,16,0,INFO,humaneval
399,CPP/70,C++,16,100,16,0,INFO,humaneval
400,CPP/71,C++,16,100,16,0,INFO,humaneval
401,CPP/72,C++,16,100,16,0,INFO,humaneval
402,CPP/73,C++,16,100,16,0,INFO,humaneval
403,CPP/74,C++,16,100,16,0,INFO,humaneval
404,CPP/75,C++,16,100,16,0,INFO,humaneval
405,CPP/76,C++,16,100,16,0,INFO,humaneval
406,CPP/77,C++,16,100,16,0,INFO,humaneval
407,CPP/78,C++,16,100,16,0,INFO,humaneval
408,CPP/79,C++,16,100,16,0,INFO,humaneval
409,CPP/80,C++,16,100,16,0,INFO,humaneval
410,CPP/81,C++,16,100,16,0,INFO,humaneval
411,CPP/82,C++,16,100,16,0,INFO,humaneval
412,CPP/83,C++,16,100,16,0,INFO,humaneval
413,CPP/84,C++,16,100,16,0,INFO,humaneval
414,CPP/85,C++,16,100,16,0,INFO,humaneval
415,CPP/86,C++,16,100,16,0,INFO,humaneval
416,CPP/87,C++,16,100,16,0,INFO,humaneval
417,CPP/88,C++,16,100,16,0,INFO,humaneval
418,CPP/89,C++,16,100,16,0,INFO,humaneval
419,CPP/90,C++,16,100,16,0,INFO,humaneval
420,CPP/91,C++,16,100,16,0,INFO,humaneval
421,CPP/92,C++,16,100,16,0,INFO,humaneval
422,CPP/93,C++,16,100,16,0,INFO,humaneval
423,CPP/94,C++,16,100,16,0,INFO,humaneval
424,CPP/95,C++,16,100,16,0,INFO,humaneval
425,CPP/96,C++,16,100,16,0,INFO,humaneval
426,CPP/97,C++,16,100,16,0,INFO,humaneval
427,CPP/98,C++,16,100,16,0,INFO,humaneval
428,CPP/99,C++,16,100,16,0,INFO,humaneval
429,CPP/100,C++,16,100,16,0,INFO,humaneval
430,CPP/101,C++,16,100,16,0,INFO,humaneval
431,CPP/102,C++,16,100,16,0,INFO,humaneval
432,CPP/103,C++,16,100,16,0,INFO,humaneval
433,CPP/104,C++,16,100,16,0,INFO,humaneval
434,CPP/105,C++,16,100,16,0,INFO,humaneval
435,CPP/106,C++,16,100,16,0,INFO,humaneval
436,CPP/107,C++,16,100,16,0,INFO,humaneval
437,CPP/108,C++,16,100,16,0,INFO,humaneval
438,CPP/109,C++,16,100,16,0,INFO,humaneval
439,CPP/110,C++,16,100,16,0,INFO,humaneval
440,CPP/111,C++,16,100,16,0,INFO,humaneval
441,CPP/112,C++,16,100,16,0,INFO,humaneval
442,CPP/113,C++,16,100,16,0,INFO,humaneval
443,CPP/114,C++,16,100,16,0,INFO,humaneval
444,CPP/115,C++,16,100,16,0,INFO,humaneval
445,CPP/116,C++,16,100,16,0,INFO,humaneval
446,CPP/117,C++,16,100,16,0,INFO,humaneval
447,CPP/118,C++,16,100,16,0,INFO,humaneval
448,CPP/119,C++,16,100,16,0,INFO,humaneval
449,CPP/120,C++,16,100,16,0,INFO,humaneval
450,CPP/121,C++,16,100,16,0,INFO,humaneval
451,CPP/122,C++,16,100,16,0,INFO,humaneval
452,CPP/123,C++,16,100,16,0,INFO,humaneval
453,CPP/124,C++,16,100,16,0,INFO,humaneval
454,CPP/125,C++,16,100,16,0,INFO,humaneval
455,CPP/126,C++,16,100,16,0,INFO,humaneval
456,CPP/127,C++,16,100,16,0,INFO,humaneval
457,CPP/128,C++,16,100,16,0,INFO,humaneval
458,CPP/129,C++,16,100,16,0,INFO,humaneval
459,CPP/130,C++,16,100,16,0,INFO,humaneval
460,CPP/131,C++,16,100,16,0,INFO,humaneval
461,CPP/132,C++,16,100,16,0,INFO,humaneval
462,CPP/133,C++,16,100,16,0,INFO,humaneval
463,CPP/134,C++,16,100,16,0,INFO,humaneval
464,CPP/135,C++,16,100,16,0,INFO,humaneval
465,CPP/136,C++,16,100,16,0,INFO,humaneval
466,CPP/137,C++,16,100,16,0,INFO,humaneval
467,CPP/138,C++,16,100,16,0,INFO,humaneval
468,CPP/139,C++,16,100,16,0,INFO,humaneval
469,CPP/140,C++,16,100,16,0,INFO,humaneval
470,CPP/141,C++,16,100,16,0,INFO,humaneval
471,CPP/142,C++,16,100,16,0,INFO,humaneval
472,CPP/143,C++,16,100,16,0,INFO,humaneval
473,CPP/144,C++,16,100,16,0,INFO,humaneval
474,CPP/145,C++,16,100,16,0,INFO,humaneval
475,CPP/146,C++,16,100,16,0,INFO,humaneval
476,CPP/147,C++,16,100,16,0,INFO,humaneval
477,CPP/148,C++,16,100,16,0,INFO,humaneval
478,CPP/149,C++,16,100,16,0,INFO,humaneval
479,CPP/150,C++,16,100,16,0,INFO,humaneval
480,CPP/151,C++,16,100,16,0,INFO,humaneval
481,CPP/152,C++,16,100,16,0,INFO,humaneval
482,CPP/153,C++,16,100,16,0,INFO,humaneval
483,CPP/154,C++,16,100,16,0,INFO,humaneval
484,CPP/155,C++,16,100,16,0,INFO,humaneval
485,CPP/156,C++,16,100,16,0,INFO,humaneval
486,CPP/157,C++,16,100,16,0,INFO,humaneval
487,CPP/158,C++,16,100,16,0,INFO,humaneval
488,CPP/159,C++,16,100,16,0,INFO,humaneval
489,CPP/160,C++,16,100,16,0,INFO,humaneval
490,CPP/161,C++,16,100,16,0,INFO,humaneval
491,CPP/162,C++,16,100,16,0,INFO,humaneval
492,CPP/163,C++,16,100,16,0,INFO,humaneval
493,CPP/0,C++,1,100,1,0,INFO,humaneval
494,CPP/1,C++,1,100,1,0,INFO,humaneval
495,CPP/2,C++,1,100,1,0,INFO,humaneval
496,CPP/3,C++,1,100,1,0,INFO,humaneval
497,CPP/4,C++,1,100,1,0,INFO,humaneval
498,CPP/5,C++,1,100,1,0,INFO,humaneval
499,CPP/6,C++,1,100,1,0,INFO,humaneval
500,CPP/7,C++,1,100,1,0,INFO,humaneval
501,CPP/8,C++,1,100,1,0,INFO,humaneval
502,CPP/9,C++,1,100,1,0,INFO,humaneval
503,CPP/10,C++,1,100,1,0,INFO,humaneval
504,CPP/11,C++,1,100,1,0,INFO,humaneval
505,CPP/12,C++,1,100,1,0,INFO,humaneval
506,CPP/13,C++,1,100,1,0,INFO,humaneval
507,CPP/14,C++,1,100,1,0,INFO,humaneval
508,CPP/15,C++,1,100,1,0,INFO,humaneval
509,CPP/16,C++,1,100,1,0,INFO,humaneval
510,CPP/17,C++,1,100,1,0,INFO,humaneval
511,CPP/18,C++,1,100,1,0,INFO,humaneval
512,CPP/19,C++,1,100,1,0,INFO,humaneval
513,CPP/20,C++,1,100,1,0,INFO,humaneval
514,CPP/21,C++,1,100,1,0,INFO,humaneval
515,CPP/22,C++,1,100,1,0,INFO,humaneval
516,CPP/23,C++,1,100,1,0,INFO,humaneval
517,CPP/24,C++,1,100,1,0,INFO,humaneval
518,CPP/25,C++,1,100,1,0,INFO,humaneval
519,CPP/26,C++,1,100,1,0,INFO,humaneval
520,CPP/27,C++,1,100,1,0,INFO,humaneval
521,CPP/28,C++,1,100,1,0,INFO,humaneval
522,CPP/29,C++,1,100,1,0,INFO,humaneval
523,CPP/30,C++,1,100,1,0,INFO,humaneval
524,CPP/31,C++,1,100,1,0,INFO,humaneval
525,CPP/32,C++,1,100,1,0,INFO,humaneval
526,CPP/33,C++,1,100,1,0,INFO,humaneval
527,CPP/34,C++,1,100,1,0,INFO,humaneval
528,CPP/35,C++,1,100,1,0,INFO,humaneval
529,CPP/36,C++,1,100,1,0,INFO,humaneval
530,CPP/37,C++,1,100,1,0,INFO,humaneval
531,CPP/38,C++,1,100,1,0,INFO,humaneval
532,CPP/39,C++,1,100,1,0,INFO,humaneval
533,CPP/40,C++,1,100,1,0,INFO,humaneval
534,CPP/41,C++,1,100,1,0,INFO,humaneval
535,CPP/42,C++,1,100,1,0,INFO,humaneval
536,CPP/43,C++,1,100,1,0,INFO,humaneval
537,CPP/44,C++,1,100,1,0,INFO,humaneval
538,CPP/45,C++,1,100,1,0,INFO,humaneval
539,CPP/46,C++,1,100,1,0,INFO,humaneval
540,CPP/47,C++,1,100,1,0,INFO,humaneval
541,CPP/48,C++,1,100,1,0,INFO,humaneval
542,CPP/49,C++,1,100,1,0,INFO,humaneval
543,CPP/50,C++,1,100,1,0,INFO,humaneval
544,CPP/51,C++,1,100,1,0,INFO,humaneval
545,CPP/52,C++,1,100,1,0,INFO,humaneval
546,CPP/53,C++,1,100,1,0,INFO,humaneval
547,CPP/54,C++,1,100,1,0,INFO,humaneval
548,CPP/55,C++,1,100,1,0,INFO,humaneval
549,CPP/56,C++,1,100,1,0,INFO,humaneval
550,CPP/57,C++,1,100,1,0,INFO,humaneval
551,CPP/58,C++,1,100,1,0,INFO,humaneval
552,CPP/59,C++,1,100,1,0,INFO,humaneval
553,CPP/60,C++,1,100,1,0,INFO,humaneval
554,CPP/61,C++,1,100,1,0,INFO,humaneval
555,CPP/62,C++,1,100,1,0,INFO,humaneval
556,CPP/63,C++,1,100,1,0,INFO,humaneval
557,CPP/64,C++,1,100,1,0,INFO,humaneval
558,CPP/65,C++,1,100,1,0,INFO,humaneval
559,CPP/66,C++,1,100,1,0,INFO,humaneval
560,CPP/67,C++,1,100,1,0,INFO,humaneval
561,CPP/68,C++,1,100,1,0,INFO,humaneval
562,CPP/69,C++,1,100,1,0,INFO,humaneval
563,CPP/70,C++,1,100,1,0,INFO,humaneval
564,CPP/71,C++,1,100,1,0,INFO,humaneval
565,CPP/72,C++,1,100,1,0,INFO,humaneval
566,CPP/73,C++,1,100,1,0,INFO,humaneval
567,CPP/74,C++,1,100,1,0,INFO,humaneval
568,CPP/75,C++,1,100,1,0,INFO,humaneval
569,CPP/76,C++,1,100,1,0,INFO,humaneval
570,CPP/77,C++,1,100,1,0,INFO,humaneval
571,CPP/78,C++,1,100,1,0,INFO,humaneval
572,CPP/79,C++,1,100,1,0,INFO,humaneval
573,CPP/80,C++,1,100,1,0,INFO,humaneval
574,CPP/81,C++,1,100,1,0,INFO,humaneval
575,CPP/82,C++,1,100,1,0,INFO,humaneval
576,CPP/83,C++,1,100,1,0,INFO,humaneval
577,CPP/84,C++,1,100,1,0,INFO,humaneval
578,CPP/85,C++,1,100,1,0,INFO,humaneval
579,CPP/86,C++,1,100,1,0,INFO,humaneval
580,CPP/87,C++,1,100,1,0,INFO,humaneval
581,CPP/88,C++,1,100,1,0,INFO,humaneval
582,CPP/89,C++,1,100,1,0,INFO,humaneval
583,CPP/90,C++,1,100,1,0,INFO,humaneval
584,CPP/91,C++,1,100,1,0,INFO,humaneval
585,CPP/92,C++,1,100,1,0,INFO,humaneval
586,CPP/93,C++,1,100,1,0,INFO,humaneval
587,CPP/94,C++,1,100,1,0,INFO,humaneval
588,CPP/95,C++,1,100,1,0,INFO,humaneval
589,CPP/96,C++,1,100,1,0,INFO,humaneval
590,CPP/97,C++,1,100,1,0,INFO,humaneval
591,CPP/98,C++,1,100,1,0,INFO,humaneval
592,CPP/99,C++,1,100,1,0,INFO,humaneval
593,CPP/100,C++,1,100,1,0,INFO,humaneval
594,CPP/101,C++,1,100,1,0,INFO,humaneval
595,CPP/102,C++,1,100,1,0,INFO,humaneval
596,CPP/103,C++,1,100,1,0,INFO,humaneval
597,CPP/104,C++,1,100,1,0,INFO,humaneval
598,CPP/105,C++,1,100,1,0,INFO,humaneval
599,CPP/106,C++,1,100,1,0,INFO,humaneval
600,CPP/107,C++,1,100,1,0,INFO,humaneval
601,CPP/108,C++,1,100,1,0,INFO,humaneval
602,CPP/109,C++,1,100,1,0,INFO,humaneval
603,CPP/110,C++,1,100,1,0,INFO,humaneval
604,CPP/111,C++,1,100,1,0,INFO,humaneval
605,CPP/112,C++,1,100,1,0,INFO,humaneval
606,CPP/113,C++,1,100,1,0,INFO,humaneval
607,CPP/114,C++,1,100,1,0,INFO,humaneval
608,CPP/115,C++,1,100,1,0,INFO,humaneval
609,CPP/116,C++,1,100,1,0,INFO,humaneval
610,CPP/117,C++,1,100,1,0,INFO,humaneval
611,CPP/118,C++,1,100,1,0,INFO,humaneval
612,CPP/119,C++,1,100,1,0,INFO,humaneval
613,CPP/120,C++,1,100,1,0,INFO,humaneval
614,CPP/121,C++,1,100,1,0,INFO,humaneval
615,CPP/122,C++,1,100,1,0,INFO,humaneval
616,CPP/123,C++,1,100,1,0,INFO,humaneval
617,CPP/124,C++,1,100,1,0,INFO,humaneval
618,CPP/125,C++,1,100,1,0,INFO,humaneval
619,CPP/126,C++,1,100,1,0,INFO,humaneval
620,CPP/127,C++,1,100,1,0,INFO,humaneval
621,CPP/128,C++,1,100,1,0,INFO,humaneval
622,CPP/129,C++,1,100,1,0,INFO,humaneval
623,CPP/130,C++,1,100,1,0,INFO,humaneval
624,CPP/131,C++,1,100,1,0,INFO,humaneval
625,CPP/132,C++,1,100,1,0,INFO,humaneval
626,CPP/133,C++,1,100,1,0,INFO,humaneval
627,CPP/134,C++,1,100,1,0,INFO,humaneval
628,CPP/135,C++,1,100,1,0,INFO,humaneval
629,CPP/136,C++,1,100,1,0,INFO,humaneval
630,CPP/137,C++,1,100,1,0,INFO,humaneval
631,CPP/138,C++,1,100,1,0,INFO,humaneval
632,CPP/139,C++,1,100,1,0,INFO,humaneval
633,CPP/140,C++,1,100,1,0,INFO,humaneval
634,CPP/141,C++,1,100,1,0,INFO,humaneval
635,CPP/142,C++,1,100,1,0,INFO,humaneval
636,CPP/143,C++,1,100,1,0,INFO,humaneval
637,CPP/144,C++,1,100,1,0,INFO,humaneval
638,CPP/145,C++,1,100,1,0,INFO,humaneval
639,CPP/146,C++,1,100,1,0,INFO,humaneval
640,CPP/147,C++,1,100,1,0,INFO,humaneval
641,CPP/148,C++,1,100,1,0,INFO,humaneval
642,CPP/149,C++,1,100,1,0,INFO,humaneval
643,CPP/150,C++,1,100,1,0,INFO,humaneval
644,CPP/151,C++,1,100,1,0,INFO,humaneval
645,CPP/152,C++,1,100,1,0,INFO,humaneval
646,CPP/153,C++,1,100,1,0,INFO,humaneval
647,CPP/154,C++,1,100,1,0,INFO,humaneval
648,CPP/155,C++,1,100,1,0,INFO,humaneval
649,CPP/156,C++,1,100,1,0,INFO,humaneval
650,CPP/157,C++,1,100,1,0,INFO,humaneval
651,CPP/158,C++,1,100,1,0,INFO,humaneval
652,CPP/159,C++,1,100,1,0,INFO,humaneval
653,CPP/160,C++,1,100,1,0,INFO,humaneval
654,CPP/161,C++,1,100,1,0,INFO,humaneval
655,CPP/162,C++,1,100,1,0,INFO,humaneval
656,CPP/163,C++,1,100,1,0,INFO,humaneval
657,CPP/0,C++,10,100,10,0,INFO,humaneval
658,CPP/1,C++,10,100,10,0,INFO,humaneval
659,CPP/2,C++,10,100,10,0,INFO,humaneval
660,CPP/3,C++,10,100,10,0,INFO,humaneval
661,CPP/4,C++,10,100,10,0,INFO,humaneval
662,CPP/5,C++,10,100,10,0,INFO,humaneval
663,CPP/6,C++,10,100,10,0,INFO,humaneval
664,CPP/7,C++,10,100,10,0,INFO,humaneval
665,CPP/8,C++,10,100,10,0,INFO,humaneval
666,CPP/9,C++,10,100,10,0,INFO,humaneval
667,CPP/10,C++,10,100,10,0,INFO,humaneval
668,CPP/11,C++,10,100,10,0,INFO,humaneval
669,CPP/12,C++,10,100,10,0,INFO,humaneval
670,CPP/13,C++,10,100,10,0,INFO,humaneval
671,CPP/14,C++,10,100,10,0,INFO,humaneval
672,CPP/15,C++,10,100,10,0,INFO,humaneval
673,CPP/16,C++,10,100,10,0,INFO,humaneval
674,CPP/17,C++,10,100,10,0,INFO,humaneval
675,CPP/18,C++,10,100,10,0,INFO,humaneval
676,CPP/19,C++,10,100,10,0,INFO,humaneval
677,CPP/20,C++,10,100,10,0,INFO,humaneval
678,CPP/21,C++,10,100,10,0,INFO,humaneval
679,CPP/22,C++,10,100,10,0,INFO,humaneval
680,CPP/23,C++,10,100,10,0,INFO,humaneval
681,CPP/24,C++,10,100,10,0,INFO,humaneval
682,CPP/25,C++,10,100,10,0,INFO,humaneval
683,CPP/26,C++,10,100,10,0,INFO,humaneval
684,CPP/27,C++,10,100,10,0,INFO,humaneval
685,CPP/28,C++,10,100,10,0,INFO,humaneval
686,CPP/29,C++,10,100,10,0,INFO,humaneval
687,CPP/30,C++,10,100,10,0,INFO,humaneval
688,CPP/31,C++,10,100,10,0,INFO,humaneval
689,CPP/32,C++,10,100,10,0,INFO,humaneval
690,CPP/33,C++,10,100,10,0,INFO,humaneval
691,CPP/34,C++,10,100,10,0,INFO,humaneval
692,CPP/35,C++,10,100,10,0,INFO,humaneval
693,CPP/36,C++,10,100,10,0,INFO,humaneval
694,CPP/37,C++,10,100,10,0,INFO,humaneval
695,CPP/38,C++,10,100,10,0,INFO,humaneval
696,CPP/39,C++,10,100,10,0,INFO,humaneval
697,CPP/40,C++,10,100,10,0,INFO,humaneval
698,CPP/41,C++,10,100,10,0,INFO,humaneval
699,CPP/42,C++,10,100,10,0,INFO,humaneval
700,CPP/43,C++,10,100,10,0,INFO,humaneval
701,CPP/44,C++,10,100,10,0,INFO,humaneval
702,CPP/45,C++,10,100,10,0,INFO,humaneval
703,CPP/46,C++,10,100,10,0,INFO,humaneval
704,CPP/47,C++,10,100,10,0,INFO,humaneval
705,CPP/48,C++,10,100,10,0,INFO,humaneval
706,CPP/49,C++,10,100,10,0,INFO,humaneval
707,CPP/50,C++,10,100,10,0,INFO,humaneval
708,CPP/51,C++,10,100,10,0,INFO,humaneval
709,CPP/52,C++,10,100,10,0,INFO,humaneval
710,CPP/53,C++,10,100,10,0,INFO,humaneval
711,CPP/54,C++,10,100,10,0,INFO,humaneval
712,CPP/55,C++,10,100,10,0,INFO,humaneval
713,CPP/56,C++,10,100,10,0,INFO,humaneval
714,CPP/57,C++,10,100,10,0,INFO,humaneval
715,CPP/58,C++,10,100,10,0,INFO,humaneval
716,CPP/59,C++,10,100,10,0,INFO,humaneval
717,CPP/60,C++,10,100,10,0,INFO,humaneval
718,CPP/61,C++,10,100,10,0,INFO,humaneval
719,CPP/62,C++,10,100,10,0,INFO,humaneval
720,CPP/63,C++,10,100,10,0,INFO,humaneval
721,CPP/64,C++,10,100,10,0,INFO,humaneval
722,CPP/65,C++,10,100,10,0,INFO,humaneval
723,CPP/66,C++,10,100,10,0,INFO,humaneval
724,CPP/67,C++,10,100,10,0,INFO,humaneval
725,CPP/68,C++,10,100,10,0,INFO,humaneval
726,CPP/69,C++,10,100,10,0,INFO,humaneval
727,CPP/70,C++,10,100,10,0,INFO,humaneval
728,CPP/71,C++,10,100,10,0,INFO,humaneval
729,CPP/72,C++,10,100,10,0,INFO,humaneval
730,CPP/73,C++,10,100,10,0,INFO,humaneval
731,CPP/74,C++,10,100,10,0,INFO,humaneval
732,CPP/75,C++,10,100,10,0,INFO,humaneval
733,CPP/76,C++,10,100,10,0,INFO,humaneval
734,CPP/77,C++,10,100,10,0,INFO,humaneval
735,CPP/78,C++,10,100,10,0,INFO,humaneval
736,CPP/79,C++,10,100,10,0,INFO,humaneval
737,CPP/80,C++,10,100,10,0,INFO,humaneval
738,CPP/81,C++,10,100,10,0,INFO,humaneval
739,CPP/82,C++,10,100,10,0,INFO,humaneval
740,CPP/83,C++,10,100,10,0,INFO,humaneval
741,CPP/84,C++,10,100,10,0,INFO,humaneval
742,CPP/85,C++,10,100,10,0,INFO,humaneval
743,CPP/86,C++,10,100,10,0,INFO,humaneval
744,CPP/87,C++,10,100,10,0,INFO,humaneval
745,CPP/88,C++,10,100,10,0,INFO,humaneval
746,CPP/89,C++,10,100,10,0,INFO,humaneval
747,CPP/90,C++,10,100,10,0,INFO,humaneval
748,CPP/91,C++,10,100,10,0,INFO,humaneval
749,CPP/92,C++,10,100,10,0,INFO,humaneval
750,CPP/93,C++,10,100,10,0,INFO,humaneval
751,CPP/94,C++,10,100,10,0,INFO,humaneval
752,CPP/95,C++,10,100,10,0,INFO,humaneval
753,CPP/96,C++,10,100,10,0,INFO,humaneval
754,CPP/97,C++,10,100,10,0,INFO,humaneval
755,CPP/98,C++,10,100,10,0,INFO,humaneval
756,CPP/99,C++,10,100,10,0,INFO,humaneval
757,CPP/100,C++,10,100,10,0,INFO,humaneval
758,CPP/101,C++,10,100,10,0,INFO,humaneval
759,CPP/102,C++,10,100,10,0,INFO,humaneval
760,CPP/103,C++,10,100,10,0,INFO,humaneval
761,CPP/104,C++,10,100,10,0,INFO,humaneval
762,CPP/105,C++,10,100,10,0,INFO,humaneval
763,CPP/106,C++,10,100,10,0,INFO,humaneval
764,CPP/107,C++,10,100,10,0,INFO,humaneval
765,CPP/108,C++,10,100,10,0,INFO,humaneval
766,CPP/109,C++,10,100,10,0,INFO,humaneval
767,CPP/110,C++,10,100,10,0,INFO,humaneval
768,CPP/111,C++,10,100,10,0,INFO,humaneval
769,CPP/112,C++,10,100,10,0,INFO,humaneval
770,CPP/113,C++,10,100,10,0,INFO,humaneval
771,CPP/114,C++,10,100,10,0,INFO,humaneval
772,CPP/115,C++,10,100,10,0,INFO,humaneval
773,CPP/116,C++,10,100,10,0,INFO,humaneval
774,CPP/117,C++,10,100,10,0,INFO,humaneval
775,CPP/118,C++,10,100,10,0,INFO,humaneval
776,CPP/119,C++,10,100,10,0,INFO,humaneval
777,CPP/120,C++,10,100,10,0,INFO,humaneval
778,CPP/121,C++,10,100,10,0,INFO,humaneval
779,CPP/122,C++,10,100,10,0,INFO,humaneval
780,CPP/123,C++,10,100,10,0,INFO,humaneval
781,CPP/124,C++,10,100,10,0,INFO,humaneval
782,CPP/125,C++,10,100,10,0,INFO,humaneval
783,CPP/126,C++,10,100,10,0,INFO,humaneval
784,CPP/127,C++,10,100,10,0,INFO,humaneval
785,CPP/128,C++,10,100,10,0,INFO,humaneval
786,CPP/129,C++,10,100,10,0,INFO,humaneval
787,CPP/130,C++,10,100,10,0,INFO,humaneval
788,CPP/131,C++,10,100,10,0,INFO,humaneval
789,CPP/132,C++,10,100,10,0,INFO,humaneval
790,CPP/133,C++,10,100,10,0,INFO,humaneval
791,CPP/134,C++,10,100,10,0,INFO,humaneval
792,CPP/135,C++,10,100,10,0,INFO,humaneval
793,CPP/136,C++,10,100,10,0,INFO,humaneval
794,CPP/137,C++,10,100,10,0,INFO,humaneval
795,CPP/138,C++,10,100,10,0,INFO,humaneval
796,CPP/139,C++,10,100,10,0,INFO,humaneval
797,CPP/140,C++,10,100,10,0,INFO,humaneval
798,CPP/141,C++,10,100,10,0,INFO,humaneval
799,CPP/142,C++,10,100,10,0,INFO,humaneval
800,CPP/143,C++,10,100,10,0,INFO,humaneval
801,CPP/144,C++,10,100,10,0,INFO,humaneval
802,CPP/145,C++,10,100,10,0,INFO,humaneval
803,CPP/146,C++,10,100,10,0,INFO,humaneval
804,CPP/147,C++,10,100,10,0,INFO,humaneval
805,CPP/148,C++,10,100,10,0,INFO,humaneval
806,CPP/149,C++,10,100,10,0,INFO,humaneval
807,CPP/150,C++,10,100,10,0,INFO,humaneval
808,CPP/151,C++,10,100,10,0,INFO,humaneval
809,CPP/152,C++,10,100,10,0,INFO,humaneval
810,CPP/153,C++,10,100,10,0,INFO,humaneval
811,CPP/154,C++,10,100,10,0,INFO,humaneval
812,CPP/155,C++,10,100,10,0,INFO,humaneval
813,CPP/156,C++,10,100,10,0,INFO,humaneval
814,CPP/157,C++,10,100,10,0,INFO,humaneval
815,CPP/158,C++,10,100,10,0,INFO,humaneval
816,CPP/159,C++,10,100,10,0,INFO,humaneval
817,CPP/160,C++,10,100,10,0,INFO,humaneval
818,CPP/161,C++,10,100,10,0,INFO,humaneval
819,CPP/162,C++,10,100,10,0,INFO,humaneval
820,CPP/163,C++,10,100,10,0,INFO,humaneval
821,CPP/0,C++,100,100,100,0,INFO,humaneval
822,CPP/1,C++,100,100,100,0,INFO,humaneval
823,CPP/2,C++,100,100,100,0,INFO,humaneval
824,CPP/3,C++,100,100,100,0,INFO,humaneval
825,CPP/4,C++,100,100,100,0,INFO,humaneval
826,CPP/5,C++,100,100,100,0,INFO,humaneval
827,CPP/6,C++,100,100,100,0,INFO,humaneval
828,CPP/7,C++,100,100,100,0,INFO,humaneval
829,CPP/8,C++,100,100,100,0,INFO,humaneval
830,CPP/9,C++,100,100,100,0,INFO,humaneval
831,CPP/10,C++,100,100,100,0,INFO,humaneval
832,CPP/11,C++,100,100,100,0,INFO,humaneval
833,CPP/12,C++,100,100,100,0,INFO,humaneval
834,CPP/13,C++,100,100,100,0,INFO,humaneval
835,CPP/14,C++,100,100,100,0,INFO,humaneval
836,CPP/15,C++,100,100,100,0,INFO,humaneval
837,CPP/16,C++,100,100,100,0,INFO,humaneval
838,CPP/17,C++,100,100,100,0,INFO,humaneval
839,CPP/18,C++,100,100,100,0,INFO,humaneval
840,CPP/19,C++,100,100,100,0,INFO,humaneval
841,CPP/20,C++,100,100,100,0,INFO,humaneval
842,CPP/21,C++,100,100,100,0,INFO,humaneval
843,CPP/22,C++,100,100,100,0,INFO,humaneval
844,CPP/23,C++,100,100,100,0,INFO,humaneval
845,CPP/24,C++,100,100,100,0,INFO,humaneval
846,CPP/25,C++,100,100,100,0,INFO,humaneval
847,CPP/26,C++,100,100,100,0,INFO,humaneval
848,CPP/27,C++,100,100,100,0,INFO,humaneval
849,CPP/28,C++,100,100,100,0,INFO,humaneval
850,CPP/29,C++,100,100,100,0,INFO,humaneval
851,CPP/30,C++,100,100,100,0,INFO,humaneval
852,CPP/31,C++,100,100,100,0,INFO,humaneval
853,CPP/32,C++,100,100,100,0,INFO,humaneval
854,CPP/33,C++,100,100,100,0,INFO,humaneval
855,CPP/34,C++,100,100,100,0,INFO,humaneval
856,CPP/35,C++,100,100,100,0,INFO,humaneval
857,CPP/36,C++,100,100,100,0,INFO,humaneval
858,CPP/37,C++,100,100,100,0,INFO,humaneval
859,CPP/38,C++,100,100,100,0,INFO,humaneval
860,CPP/39,C++,100,100,100,0,INFO,humaneval
861,CPP/40,C++,100,100,100,0,INFO,humaneval
862,CPP/41,C++,100,100,100,0,INFO,humaneval
863,CPP/42,C++,100,100,100,0,INFO,humaneval
864,CPP/43,C++,100,100,100,0,INFO,humaneval
865,CPP/44,C++,100,100,100,0,INFO,humaneval
866,CPP/45,C++,100,100,100,0,INFO,humaneval
867,CPP/46,C++,100,100,100,0,INFO,humaneval
868,CPP/47,C++,100,100,100,0,INFO,humaneval
869,CPP/48,C++,100,100,100,0,INFO,humaneval
870,CPP/49,C++,100,100,100,0,INFO,humaneval
871,CPP/50,C++,100,100,100,0,INFO,humaneval
872,CPP/51,C++,100,100,100,0,INFO,humaneval
873,CPP/52,C++,100,100,100,0,INFO,humaneval
874,CPP/53,C++,100,100,100,0,INFO,humaneval
875,CPP/54,C++,100,100,100,0,INFO,humaneval
876,CPP/55,C++,100,100,100,0,INFO,humaneval
877,CPP/56,C++,100,100,100,0,INFO,humaneval
878,CPP/57,C++,100,100,100,0,INFO,humaneval
879,CPP/58,C++,100,100,100,0,INFO,humaneval
880,CPP/59,C++,100,100,100,0,INFO,humaneval
881,CPP/60,C++,100,100,100,0,INFO,humaneval
882,CPP/61,C++,100,100,100,0,INFO,humaneval
883,CPP/62,C++,100,100,100,0,INFO,humaneval
884,CPP/63,C++,100,100,100,0,INFO,humaneval
885,CPP/64,C++,100,100,100,0,INFO,humaneval
886,CPP/65,C++,100,100,100,0,INFO,humaneval
887,CPP/66,C++,100,100,100,0,INFO,humaneval
888,CPP/67,C++,100,100,100,0,INFO,humaneval
889,CPP/68,C++,100,100,100,0,INFO,humaneval
890,CPP/69,C++,100,100,100,0,INFO,humaneval
891,CPP/70,C++,100,100,100,0,INFO,humaneval
892,CPP/71,C++,100,100,100,0,INFO,humaneval
893,CPP/72,C++,100,100,100,0,INFO,humaneval
894,CPP/73,C++,100,100,100,0,INFO,humaneval
895,CPP/74,C++,100,100,100,0,INFO,humaneval
896,CPP/75,C++,100,100,100,0,INFO,humaneval
897,CPP/76,C++,100,100,100,0,INFO,humaneval
898,CPP/77,C++,100,100,100,0,INFO,humaneval
899,CPP/78,C++,100,100,100,0,INFO,humaneval
900,CPP/79,C++,100,100,100,0,INFO,humaneval
901,CPP/80,C++,100,100,100,0,INFO,humaneval
902,CPP/81,C++,100,100,100,0,INFO,humaneval
903,CPP/82,C++,100,100,100,0,INFO,humaneval
904,CPP/83,C++,100,100,100,0,INFO,humaneval
905,CPP/84,C++,100,100,100,0,INFO,humaneval
906,CPP/85,C++,100,100,100,0,INFO,humaneval
907,CPP/86,C++,100,100,100,0,INFO,humaneval
908,CPP/87,C++,100,100,100,0,INFO,humaneval
909,CPP/88,C++,100,100,100,0,INFO,humaneval
910,CPP/89,C++,100,100,100,0,INFO,humaneval
911,CPP/90,C++,100,100,100,0,INFO,humaneval
912,CPP/91,C++,100,100,100,0,INFO,humaneval
913,CPP/92,C++,100,100,100,0,INFO,humaneval
914,CPP/93,C++,100,100,100,0,INFO,humaneval
915,CPP/94,C++,100,100,100,0,INFO,humaneval
916,CPP/95,C++,100,100,100,0,INFO,humaneval
917,CPP/96,C++,100,100,100,0,INFO,humaneval
918,CPP/97,C++,100,100,100,0,INFO,humaneval
919,CPP/98,C++,100,100,100,0,INFO,humaneval
920,CPP/99,C++,100,100,100,0,INFO,humaneval
921,CPP/100,C++,100,100,100,0,INFO,humaneval
922,CPP/101,C++,100,100,100,0,INFO,humaneval
923,CPP/102,C++,100,100,100,0,INFO,humaneval
924,CPP/103,C++,100,100,100,0,INFO,humaneval
925,CPP/104,C++,100,100,100,0,INFO,humaneval
926,CPP/105,C++,100,100,100,0,INFO,humaneval
927,CPP/106,C++,100,100,100,0,INFO,humaneval
928,CPP/107,C++,100,100,100,0,INFO,humaneval
929,CPP/108,C++,100,100,100,0,INFO,humaneval
930,CPP/109,C++,100,100,100,0,INFO,humaneval
931,CPP/110,C++,100,100,100,0,INFO,humaneval
932,CPP/111,C++,100,100,100,0,INFO,humaneval
933,CPP/112,C++,100,100,100,0,INFO,humaneval
934,CPP/113,C++,100,100,100,0,INFO,humaneval
935,CPP/114,C++,100,100,100,0,INFO,humaneval
936,CPP/115,C++,100,100,100,0,INFO,humaneval
937,CPP/116,C++,100,100,100,0,INFO,humaneval
938,CPP/117,C++,100,100,100,0,INFO,humaneval
939,CPP/118,C++,100,100,100,0,INFO,humaneval
940,CPP/119,C++,100,100,100,0,INFO,humaneval
941,CPP/120,C++,100,100,100,0,INFO,humaneval
942,CPP/121,C++,100,100,100,0,INFO,humaneval
943,CPP/122,C++,100,100,100,0,INFO,humaneval
944,CPP/123,C++,100,100,100,0,INFO,humaneval
945,CPP/124,C++,100,100,100,0,INFO,humaneval
946,CPP/125,C++,100,100,100,0,INFO,humaneval
947,CPP/126,C++,100,100,100,0,INFO,humaneval
948,CPP/127,C++,100,100,100,0,INFO,humaneval
949,CPP/128,C++,100,100,100,0,INFO,humaneval
950,CPP/129,C++,100,100,100,0,INFO,humaneval
951,CPP/130,C++,100,100,100,0,INFO,humaneval
952,CPP/131,C++,100,100,100,0,INFO,humaneval
953,CPP/132,C++,100,100,100,0,INFO,humaneval
954,CPP/133,C++,100,100,100,0,INFO,humaneval
955,CPP/134,C++,100,100,100,0,INFO,humaneval
956,CPP/135,C++,100,100,100,0,INFO,humaneval
957,CPP/136,C++,100,100,100,0,INFO,humaneval
958,CPP/137,C++,100,100,100,0,INFO,humaneval
959,CPP/138,C++,100,100,100,0,INFO,humaneval
960,CPP/139,C++,100,100,100,0,INFO,humaneval
961,CPP/140,C++,100,100,100,0,INFO,humaneval
962,CPP/141,C++,100,100,100,0,INFO,humaneval
963,CPP/142,C++,100,100,100,0,INFO,humaneval
964,CPP/143,C++,100,100,100,0,INFO,humaneval
965,CPP/144,C++,100,100,100,0,INFO,humaneval
966,CPP/145,C++,100,100,100,0,INFO,humaneval
967,CPP/146,C++,100,100,100,0,INFO,humaneval
968,CPP/147,C++,100,100,100,0,INFO,humaneval
969,CPP/148,C++,100,100,100,0,INFO,humaneval
970,CPP/149,C++,100,100,100,0,INFO,humaneval
971,CPP/150,C++,100,100,100,0,INFO,humaneval
972,CPP/151,C++,100,100,100,0,INFO,humaneval
973,CPP/152,C++,100,100,100,0,INFO,humaneval
974,CPP/153,C++,100,100,100,0,INFO,humaneval
975,CPP/154,C++,100,100,100,0,INFO,humaneval
976,CPP/155,C++,100,100,100,0,INFO,humaneval
977,CPP/156,C++,100,100,100,0,INFO,humaneval
978,CPP/157,C++,100,100,100,0,INFO,humaneval
979,CPP/158,C++,100,100,100,0,INFO,humaneval
980,CPP/159,C++,100,100,100,0,INFO,humaneval
981,CPP/160,C++,100,100,100,0,INFO,humaneval
982,CPP/161,C++,100,100,100,0,INFO,humaneval
983,CPP/162,C++,100,100,100,0,INFO,humaneval
984,CPP/163,C++,100,100,100,0,INFO,humaneval