task_id,problem,language,branching_factor,max_programs,drafts_per_prompt,explanations_per_program,repairs_per_explanation,beam_width,log,lexicase_selection,dataset,model_name
23001,Python/0,Python,2,100,2,2,2,2,INFO,True,humaneval,codellama:34b-instruct
23002,Python/1,Python,2,100,2,2,2,2,INFO,True,humaneval,codellama:34b-instruct
23003,Python/2,Python,2,100,2,2,2,2,INFO,True,humaneval,codellama:34b-instruct
23004,Python/3,Python,2,100,2,2,2,2,INFO,True,humaneval,codellama:34b-instruct
23005,Python/4,Python,2,100,2,2,2,2,INFO,True,humaneval,codellama:34b-instruct
23006,Python/5,Python,2,100,2,2,2,2,INFO,True,humaneval,codellama:34b-instruct
23007,Python/6,Python,2,100,2,2,2,2,INFO,True,humaneval,codellama:34b-instruct
23008,Python/7,Python,2,100,2,2,2,2,INFO,True,humaneval,codellama:34b-instruct
23009,Python/8,Python,2,100,2,2,2,2,INFO,True,humaneval,codellama:34b-instruct
23010,Python/9,Python,2,100,2,2,2,2,INFO,True,humaneval,codellama:34b-instruct
23011,Python/10,Python,2,100,2,2,2,2,INFO,True,humaneval,codellama:34b-instruct
23012,Python/11,Python,2,100,2,2,2,2,INFO,True,humaneval,codellama:34b-instruct
23013,Python/12,Python,2,100,2,2,2,2,INFO,True,humaneval,codellama:34b-instruct
23014,Python/13,Python,2,100,2,2,2,2,INFO,True,humaneval,codellama:34b-instruct
23015,Python/14,Python,2,100,2,2,2,2,INFO,True,humaneval,codellama:34b-instruct
23016,Python/15,Python,2,100,2,2,2,2,INFO,True,humaneval,codellama:34b-instruct
23017,Python/16,Python,2,100,2,2,2,2,INFO,True,humaneval,codellama:34b-instruct
23018,Python/17,Python,2,100,2,2,2,2,INFO,True,humaneval,codellama:34b-instruct
23019,Python/18,Python,2,100,2,2,2,2,INFO,True,humaneval,codellama:34b-instruct
23020,Python/19,Python,2,100,2,2,2,2,INFO,True,humaneval,codellama:34b-instruct
23021,Python/20,Python,2,100,2,2,2,2,INFO,True,humaneval,codellama:34b-instruct
23022,Python/21,Python,2,100,2,2,2,2,INFO,True,humaneval,codellama:34b-instruct
23023,Python/22,Python,2,100,2,2,2,2,INFO,True,humaneval,codellama:34b-instruct
23024,Python/23,Python,2,100,2,2,2,2,INFO,True,humaneval,codellama:34b-instruct
23025,Python/24,Python,2,100,2,2,2,2,INFO,True,humaneval,codellama:34b-instruct
23026,Python/25,Python,2,100,2,2,2,2,INFO,True,humaneval,codellama:34b-instruct
23027,Python/26,Python,2,100,2,2,2,2,INFO,True,humaneval,codellama:34b-instruct
23028,Python/27,Python,2,100,2,2,2,2,INFO,True,humaneval,codellama:34b-instruct
23029,Python/28,Python,2,100,2,2,2,2,INFO,True,humaneval,codellama:34b-instruct
23030,Python/29,Python,2,100,2,2,2,2,INFO,True,humaneval,codellama:34b-instruct
23031,Python/30,Python,2,100,2,2,2,2,INFO,True,humaneval,codellama:34b-instruct
23032,Python/31,Python,2,100,2,2,2,2,INFO,True,humaneval,codellama:34b-instruct
23033,Python/32,Python,2,100,2,2,2,2,INFO,True,humaneval,codellama:34b-instruct
23034,Python/33,Python,2,100,2,2,2,2,INFO,True,humaneval,codellama:34b-instruct
23035,Python/34,Python,2,100,2,2,2,2,INFO,True,humaneval,codellama:34b-instruct
23036,Python/35,Python,2,100,2,2,2,2,INFO,True,humaneval,codellama:34b-instruct
23037,Python/36,Python,2,100,2,2,2,2,INFO,True,humaneval,codellama:34b-instruct
23038,Python/37,Python,2,100,2,2,2,2,INFO,True,humaneval,codellama:34b-instruct
23039,Python/38,Python,2,100,2,2,2,2,INFO,True,humaneval,codellama:34b-instruct
23040,Python/39,Python,2,100,2,2,2,2,INFO,True,humaneval,codellama:34b-instruct
23041,Python/40,Python,2,100,2,2,2,2,INFO,True,humaneval,codellama:34b-instruct
23042,Python/41,Python,2,100,2,2,2,2,INFO,True,humaneval,codellama:34b-instruct
23043,Python/42,Python,2,100,2,2,2,2,INFO,True,humaneval,codellama:34b-instruct
23044,Python/43,Python,2,100,2,2,2,2,INFO,True,humaneval,codellama:34b-instruct
23045,Python/44,Python,2,100,2,2,2,2,INFO,True,humaneval,codellama:34b-instruct
23046,Python/45,Python,2,100,2,2,2,2,INFO,True,humaneval,codellama:34b-instruct
23047,Python/46,Python,2,100,2,2,2,2,INFO,True,humaneval,codellama:34b-instruct
23048,Python/47,Python,2,100,2,2,2,2,INFO,True,humaneval,codellama:34b-instruct
23049,Python/48,Python,2,100,2,2,2,2,INFO,True,humaneval,codellama:34b-instruct
23050,Python/49,Python,2,100,2,2,2,2,INFO,True,humaneval,codellama:34b-instruct
23051,Python/50,Python,2,100,2,2,2,2,INFO,True,humaneval,codellama:34b-instruct
23052,Python/51,Python,2,100,2,2,2,2,INFO,True,humaneval,codellama:34b-instruct
23053,Python/52,Python,2,100,2,2,2,2,INFO,True,humaneval,codellama:34b-instruct
23054,Python/53,Python,2,100,2,2,2,2,INFO,True,humaneval,codellama:34b-instruct
23055,Python/54,Python,2,100,2,2,2,2,INFO,True,humaneval,codellama:34b-instruct
23056,Python/55,Python,2,100,2,2,2,2,INFO,True,humaneval,codellama:34b-instruct
23057,Python/56,Python,2,100,2,2,2,2,INFO,True,humaneval,codellama:34b-instruct
23058,Python/57,Python,2,100,2,2,2,2,INFO,True,humaneval,codellama:34b-instruct
23059,Python/58,Python,2,100,2,2,2,2,INFO,True,humaneval,codellama:34b-instruct
23060,Python/59,Python,2,100,2,2,2,2,INFO,True,humaneval,codellama:34b-instruct
23061,Python/60,Python,2,100,2,2,2,2,INFO,True,humaneval,codellama:34b-instruct
23062,Python/61,Python,2,100,2,2,2,2,INFO,True,humaneval,codellama:34b-instruct
23063,Python/62,Python,2,100,2,2,2,2,INFO,True,humaneval,codellama:34b-instruct
23064,Python/63,Python,2,100,2,2,2,2,INFO,True,humaneval,codellama:34b-instruct
23065,Python/64,Python,2,100,2,2,2,2,INFO,True,humaneval,codellama:34b-instruct
23066,Python/65,Python,2,100,2,2,2,2,INFO,True,humaneval,codellama:34b-instruct
23067,Python/66,Python,2,100,2,2,2,2,INFO,True,humaneval,codellama:34b-instruct
23068,Python/67,Python,2,100,2,2,2,2,INFO,True,humaneval,codellama:34b-instruct
23069,Python/68,Python,2,100,2,2,2,2,INFO,True,humaneval,codellama:34b-instruct
23070,Python/69,Python,2,100,2,2,2,2,INFO,True,humaneval,codellama:34b-instruct
23071,Python/70,Python,2,100,2,2,2,2,INFO,True,humaneval,codellama:34b-instruct
23072,Python/71,Python,2,100,2,2,2,2,INFO,True,humaneval,codellama:34b-instruct
23073,Python/72,Python,2,100,2,2,2,2,INFO,True,humaneval,codellama:34b-instruct
23074,Python/73,Python,2,100,2,2,2,2,INFO,True,humaneval,codellama:34b-instruct
23075,Python/74,Python,2,100,2,2,2,2,INFO,True,humaneval,codellama:34b-instruct
23076,Python/75,Python,2,100,2,2,2,2,INFO,True,humaneval,codellama:34b-instruct
23077,Python/76,Python,2,100,2,2,2,2,INFO,True,humaneval,codellama:34b-instruct
23078,Python/77,Python,2,100,2,2,2,2,INFO,True,humaneval,codellama:34b-instruct
23079,Python/78,Python,2,100,2,2,2,2,INFO,True,humaneval,codellama:34b-instruct
23080,Python/79,Python,2,100,2,2,2,2,INFO,True,humaneval,codellama:34b-instruct
23081,Python/80,Python,2,100,2,2,2,2,INFO,True,humaneval,codellama:34b-instruct
23082,Python/81,Python,2,100,2,2,2,2,INFO,True,humaneval,codellama:34b-instruct
23083,Python/82,Python,2,100,2,2,2,2,INFO,True,humaneval,codellama:34b-instruct
23084,Python/83,Python,2,100,2,2,2,2,INFO,True,humaneval,codellama:34b-instruct
23085,Python/84,Python,2,100,2,2,2,2,INFO,True,humaneval,codellama:34b-instruct
23086,Python/85,Python,2,100,2,2,2,2,INFO,True,humaneval,codellama:34b-instruct
23087,Python/86,Python,2,100,2,2,2,2,INFO,True,humaneval,codellama:34b-instruct
23088,Python/87,Python,2,100,2,2,2,2,INFO,True,humaneval,codellama:34b-instruct
23089,Python/88,Python,2,100,2,2,2,2,INFO,True,humaneval,codellama:34b-instruct
23090,Python/89,Python,2,100,2,2,2,2,INFO,True,humaneval,codellama:34b-instruct
23091,Python/90,Python,2,100,2,2,2,2,INFO,True,humaneval,codellama:34b-instruct
23092,Python/91,Python,2,100,2,2,2,2,INFO,True,humaneval,codellama:34b-instruct
23093,Python/92,Python,2,100,2,2,2,2,INFO,True,humaneval,codellama:34b-instruct
23094,Python/93,Python,2,100,2,2,2,2,INFO,True,humaneval,codellama:34b-instruct
23095,Python/94,Python,2,100,2,2,2,2,INFO,True,humaneval,codellama:34b-instruct
23096,Python/95,Python,2,100,2,2,2,2,INFO,True,humaneval,codellama:34b-instruct
23097,Python/96,Python,2,100,2,2,2,2,INFO,True,humaneval,codellama:34b-instruct
23098,Python/97,Python,2,100,2,2,2,2,INFO,True,humaneval,codellama:34b-instruct
23099,Python/98,Python,2,100,2,2,2,2,INFO,True,humaneval,codellama:34b-instruct
23100,Python/99,Python,2,100,2,2,2,2,INFO,True,humaneval,codellama:34b-instruct
23101,Python/100,Python,2,100,2,2,2,2,INFO,True,humaneval,codellama:34b-instruct
23102,Python/101,Python,2,100,2,2,2,2,INFO,True,humaneval,codellama:34b-instruct
23103,Python/102,Python,2,100,2,2,2,2,INFO,True,humaneval,codellama:34b-instruct
23104,Python/103,Python,2,100,2,2,2,2,INFO,True,humaneval,codellama:34b-instruct
23105,Python/104,Python,2,100,2,2,2,2,INFO,True,humaneval,codellama:34b-instruct
23106,Python/105,Python,2,100,2,2,2,2,INFO,True,humaneval,codellama:34b-instruct
23107,Python/106,Python,2,100,2,2,2,2,INFO,True,humaneval,codellama:34b-instruct
23108,Python/107,Python,2,100,2,2,2,2,INFO,True,humaneval,codellama:34b-instruct
23109,Python/108,Python,2,100,2,2,2,2,INFO,True,humaneval,codellama:34b-instruct
23110,Python/109,Python,2,100,2,2,2,2,INFO,True,humaneval,codellama:34b-instruct
23111,Python/110,Python,2,100,2,2,2,2,INFO,True,humaneval,codellama:34b-instruct
23112,Python/111,Python,2,100,2,2,2,2,INFO,True,humaneval,codellama:34b-instruct
23113,Python/112,Python,2,100,2,2,2,2,INFO,True,humaneval,codellama:34b-instruct
23114,Python/113,Python,2,100,2,2,2,2,INFO,True,humaneval,codellama:34b-instruct
23115,Python/114,Python,2,100,2,2,2,2,INFO,True,humaneval,codellama:34b-instruct
23116,Python/115,Python,2,100,2,2,2,2,INFO,True,humaneval,codellama:34b-instruct
23117,Python/116,Python,2,100,2,2,2,2,INFO,True,humaneval,codellama:34b-instruct
23118,Python/117,Python,2,100,2,2,2,2,INFO,True,humaneval,codellama:34b-instruct
23119,Python/118,Python,2,100,2,2,2,2,INFO,True,humaneval,codellama:34b-instruct
23120,Python/119,Python,2,100,2,2,2,2,INFO,True,humaneval,codellama:34b-instruct
23121,Python/120,Python,2,100,2,2,2,2,INFO,True,humaneval,codellama:34b-instruct
23122,Python/121,Python,2,100,2,2,2,2,INFO,True,humaneval,codellama:34b-instruct
23123,Python/122,Python,2,100,2,2,2,2,INFO,True,humaneval,codellama:34b-instruct
23124,Python/123,Python,2,100,2,2,2,2,INFO,True,humaneval,codellama:34b-instruct
23125,Python/124,Python,2,100,2,2,2,2,INFO,True,humaneval,codellama:34b-instruct
23126,Python/125,Python,2,100,2,2,2,2,INFO,True,humaneval,codellama:34b-instruct
23127,Python/126,Python,2,100,2,2,2,2,INFO,True,humaneval,codellama:34b-instruct
23128,Python/127,Python,2,100,2,2,2,2,INFO,True,humaneval,codellama:34b-instruct
23129,Python/128,Python,2,100,2,2,2,2,INFO,True,humaneval,codellama:34b-instruct
23130,Python/129,Python,2,100,2,2,2,2,INFO,True,humaneval,codellama:34b-instruct
23131,Python/130,Python,2,100,2,2,2,2,INFO,True,humaneval,codellama:34b-instruct
23132,Python/131,Python,2,100,2,2,2,2,INFO,True,humaneval,codellama:34b-instruct
23133,Python/132,Python,2,100,2,2,2,2,INFO,True,humaneval,codellama:34b-instruct
23134,Python/133,Python,2,100,2,2,2,2,INFO,True,humaneval,codellama:34b-instruct
23135,Python/134,Python,2,100,2,2,2,2,INFO,True,humaneval,codellama:34b-instruct
23136,Python/135,Python,2,100,2,2,2,2,INFO,True,humaneval,codellama:34b-instruct
23137,Python/136,Python,2,100,2,2,2,2,INFO,True,humaneval,codellama:34b-instruct
23138,Python/137,Python,2,100,2,2,2,2,INFO,True,humaneval,codellama:34b-instruct
23139,Python/138,Python,2,100,2,2,2,2,INFO,True,humaneval,codellama:34b-instruct
23140,Python/139,Python,2,100,2,2,2,2,INFO,True,humaneval,codellama:34b-instruct
23141,Python/140,Python,2,100,2,2,2,2,INFO,True,humaneval,codellama:34b-instruct
23142,Python/141,Python,2,100,2,2,2,2,INFO,True,humaneval,codellama:34b-instruct
23143,Python/142,Python,2,100,2,2,2,2,INFO,True,humaneval,codellama:34b-instruct
23144,Python/143,Python,2,100,2,2,2,2,INFO,True,humaneval,codellama:34b-instruct
23145,Python/144,Python,2,100,2,2,2,2,INFO,True,humaneval,codellama:34b-instruct
23146,Python/145,Python,2,100,2,2,2,2,INFO,True,humaneval,codellama:34b-instruct
23147,Python/146,Python,2,100,2,2,2,2,INFO,True,humaneval,codellama:34b-instruct
23148,Python/147,Python,2,100,2,2,2,2,INFO,True,humaneval,codellama:34b-instruct
23149,Python/148,Python,2,100,2,2,2,2,INFO,True,humaneval,codellama:34b-instruct
23150,Python/149,Python,2,100,2,2,2,2,INFO,True,humaneval,codellama:34b-instruct
23151,Python/150,Python,2,100,2,2,2,2,INFO,True,humaneval,codellama:34b-instruct
23152,Python/151,Python,2,100,2,2,2,2,INFO,True,humaneval,codellama:34b-instruct
23153,Python/152,Python,2,100,2,2,2,2,INFO,True,humaneval,codellama:34b-instruct
23154,Python/153,Python,2,100,2,2,2,2,INFO,True,humaneval,codellama:34b-instruct
23155,Python/154,Python,2,100,2,2,2,2,INFO,True,humaneval,codellama:34b-instruct
23156,Python/155,Python,2,100,2,2,2,2,INFO,True,humaneval,codellama:34b-instruct
23157,Python/156,Python,2,100,2,2,2,2,INFO,True,humaneval,codellama:34b-instruct
23158,Python/157,Python,2,100,2,2,2,2,INFO,True,humaneval,codellama:34b-instruct
23159,Python/158,Python,2,100,2,2,2,2,INFO,True,humaneval,codellama:34b-instruct
23160,Python/159,Python,2,100,2,2,2,2,INFO,True,humaneval,codellama:34b-instruct
23161,Python/160,Python,2,100,2,2,2,2,INFO,True,humaneval,codellama:34b-instruct
23162,Python/161,Python,2,100,2,2,2,2,INFO,True,humaneval,codellama:34b-instruct
23163,Python/162,Python,2,100,2,2,2,2,INFO,True,humaneval,codellama:34b-instruct
23164,Python/163,Python,2,100,2,2,2,2,INFO,True,humaneval,codellama:34b-instruct
23165,Python/0,Python,4,100,4,2,4,4,INFO,True,humaneval,codellama:34b-instruct
23166,Python/1,Python,4,100,4,2,4,4,INFO,True,humaneval,codellama:34b-instruct
23167,Python/2,Python,4,100,4,2,4,4,INFO,True,humaneval,codellama:34b-instruct
23168,Python/3,Python,4,100,4,2,4,4,INFO,True,humaneval,codellama:34b-instruct
23169,Python/4,Python,4,100,4,2,4,4,INFO,True,humaneval,codellama:34b-instruct
23170,Python/5,Python,4,100,4,2,4,4,INFO,True,humaneval,codellama:34b-instruct
23171,Python/6,Python,4,100,4,2,4,4,INFO,True,humaneval,codellama:34b-instruct
23172,Python/7,Python,4,100,4,2,4,4,INFO,True,humaneval,codellama:34b-instruct
23173,Python/8,Python,4,100,4,2,4,4,INFO,True,humaneval,codellama:34b-instruct
23174,Python/9,Python,4,100,4,2,4,4,INFO,True,humaneval,codellama:34b-instruct
23175,Python/10,Python,4,100,4,2,4,4,INFO,True,humaneval,codellama:34b-instruct
23176,Python/11,Python,4,100,4,2,4,4,INFO,True,humaneval,codellama:34b-instruct
23177,Python/12,Python,4,100,4,2,4,4,INFO,True,humaneval,codellama:34b-instruct
23178,Python/13,Python,4,100,4,2,4,4,INFO,True,humaneval,codellama:34b-instruct
23179,Python/14,Python,4,100,4,2,4,4,INFO,True,humaneval,codellama:34b-instruct
23180,Python/15,Python,4,100,4,2,4,4,INFO,True,humaneval,codellama:34b-instruct
23181,Python/16,Python,4,100,4,2,4,4,INFO,True,humaneval,codellama:34b-instruct
23182,Python/17,Python,4,100,4,2,4,4,INFO,True,humaneval,codellama:34b-instruct
23183,Python/18,Python,4,100,4,2,4,4,INFO,True,humaneval,codellama:34b-instruct
23184,Python/19,Python,4,100,4,2,4,4,INFO,True,humaneval,codellama:34b-instruct
23185,Python/20,Python,4,100,4,2,4,4,INFO,True,humaneval,codellama:34b-instruct
23186,Python/21,Python,4,100,4,2,4,4,INFO,True,humaneval,codellama:34b-instruct
23187,Python/22,Python,4,100,4,2,4,4,INFO,True,humaneval,codellama:34b-instruct
23188,Python/23,Python,4,100,4,2,4,4,INFO,True,humaneval,codellama:34b-instruct
23189,Python/24,Python,4,100,4,2,4,4,INFO,True,humaneval,codellama:34b-instruct
23190,Python/25,Python,4,100,4,2,4,4,INFO,True,humaneval,codellama:34b-instruct
23191,Python/26,Python,4,100,4,2,4,4,INFO,True,humaneval,codellama:34b-instruct
23192,Python/27,Python,4,100,4,2,4,4,INFO,True,humaneval,codellama:34b-instruct
23193,Python/28,Python,4,100,4,2,4,4,INFO,True,humaneval,codellama:34b-instruct
23194,Python/29,Python,4,100,4,2,4,4,INFO,True,humaneval,codellama:34b-instruct
23195,Python/30,Python,4,100,4,2,4,4,INFO,True,humaneval,codellama:34b-instruct
23196,Python/31,Python,4,100,4,2,4,4,INFO,True,humaneval,codellama:34b-instruct
23197,Python/32,Python,4,100,4,2,4,4,INFO,True,humaneval,codellama:34b-instruct
23198,Python/33,Python,4,100,4,2,4,4,INFO,True,humaneval,codellama:34b-instruct
23199,Python/34,Python,4,100,4,2,4,4,INFO,True,humaneval,codellama:34b-instruct
23200,Python/35,Python,4,100,4,2,4,4,INFO,True,humaneval,codellama:34b-instruct
23201,Python/36,Python,4,100,4,2,4,4,INFO,True,humaneval,codellama:34b-instruct
23202,Python/37,Python,4,100,4,2,4,4,INFO,True,humaneval,codellama:34b-instruct
23203,Python/38,Python,4,100,4,2,4,4,INFO,True,humaneval,codellama:34b-instruct
23204,Python/39,Python,4,100,4,2,4,4,INFO,True,humaneval,codellama:34b-instruct
23205,Python/40,Python,4,100,4,2,4,4,INFO,True,humaneval,codellama:34b-instruct
23206,Python/41,Python,4,100,4,2,4,4,INFO,True,humaneval,codellama:34b-instruct
23207,Python/42,Python,4,100,4,2,4,4,INFO,True,humaneval,codellama:34b-instruct
23208,Python/43,Python,4,100,4,2,4,4,INFO,True,humaneval,codellama:34b-instruct
23209,Python/44,Python,4,100,4,2,4,4,INFO,True,humaneval,codellama:34b-instruct
23210,Python/45,Python,4,100,4,2,4,4,INFO,True,humaneval,codellama:34b-instruct
23211,Python/46,Python,4,100,4,2,4,4,INFO,True,humaneval,codellama:34b-instruct
23212,Python/47,Python,4,100,4,2,4,4,INFO,True,humaneval,codellama:34b-instruct
23213,Python/48,Python,4,100,4,2,4,4,INFO,True,humaneval,codellama:34b-instruct
23214,Python/49,Python,4,100,4,2,4,4,INFO,True,humaneval,codellama:34b-instruct
23215,Python/50,Python,4,100,4,2,4,4,INFO,True,humaneval,codellama:34b-instruct
23216,Python/51,Python,4,100,4,2,4,4,INFO,True,humaneval,codellama:34b-instruct
23217,Python/52,Python,4,100,4,2,4,4,INFO,True,humaneval,codellama:34b-instruct
23218,Python/53,Python,4,100,4,2,4,4,INFO,True,humaneval,codellama:34b-instruct
23219,Python/54,Python,4,100,4,2,4,4,INFO,True,humaneval,codellama:34b-instruct
23220,Python/55,Python,4,100,4,2,4,4,INFO,True,humaneval,codellama:34b-instruct
23221,Python/56,Python,4,100,4,2,4,4,INFO,True,humaneval,codellama:34b-instruct
23222,Python/57,Python,4,100,4,2,4,4,INFO,True,humaneval,codellama:34b-instruct
23223,Python/58,Python,4,100,4,2,4,4,INFO,True,humaneval,codellama:34b-instruct
23224,Python/59,Python,4,100,4,2,4,4,INFO,True,humaneval,codellama:34b-instruct
23225,Python/60,Python,4,100,4,2,4,4,INFO,True,humaneval,codellama:34b-instruct
23226,Python/61,Python,4,100,4,2,4,4,INFO,True,humaneval,codellama:34b-instruct
23227,Python/62,Python,4,100,4,2,4,4,INFO,True,humaneval,codellama:34b-instruct
23228,Python/63,Python,4,100,4,2,4,4,INFO,True,humaneval,codellama:34b-instruct
23229,Python/64,Python,4,100,4,2,4,4,INFO,True,humaneval,codellama:34b-instruct
23230,Python/65,Python,4,100,4,2,4,4,INFO,True,humaneval,codellama:34b-instruct
23231,Python/66,Python,4,100,4,2,4,4,INFO,True,humaneval,codellama:34b-instruct
23232,Python/67,Python,4,100,4,2,4,4,INFO,True,humaneval,codellama:34b-instruct
23233,Python/68,Python,4,100,4,2,4,4,INFO,True,humaneval,codellama:34b-instruct
23234,Python/69,Python,4,100,4,2,4,4,INFO,True,humaneval,codellama:34b-instruct
23235,Python/70,Python,4,100,4,2,4,4,INFO,True,humaneval,codellama:34b-instruct
23236,Python/71,Python,4,100,4,2,4,4,INFO,True,humaneval,codellama:34b-instruct
23237,Python/72,Python,4,100,4,2,4,4,INFO,True,humaneval,codellama:34b-instruct
23238,Python/73,Python,4,100,4,2,4,4,INFO,True,humaneval,codellama:34b-instruct
23239,Python/74,Python,4,100,4,2,4,4,INFO,True,humaneval,codellama:34b-instruct
23240,Python/75,Python,4,100,4,2,4,4,INFO,True,humaneval,codellama:34b-instruct
23241,Python/76,Python,4,100,4,2,4,4,INFO,True,humaneval,codellama:34b-instruct
23242,Python/77,Python,4,100,4,2,4,4,INFO,True,humaneval,codellama:34b-instruct
23243,Python/78,Python,4,100,4,2,4,4,INFO,True,humaneval,codellama:34b-instruct
23244,Python/79,Python,4,100,4,2,4,4,INFO,True,humaneval,codellama:34b-instruct
23245,Python/80,Python,4,100,4,2,4,4,INFO,True,humaneval,codellama:34b-instruct
23246,Python/81,Python,4,100,4,2,4,4,INFO,True,humaneval,codellama:34b-instruct
23247,Python/82,Python,4,100,4,2,4,4,INFO,True,humaneval,codellama:34b-instruct
23248,Python/83,Python,4,100,4,2,4,4,INFO,True,humaneval,codellama:34b-instruct
23249,Python/84,Python,4,100,4,2,4,4,INFO,True,humaneval,codellama:34b-instruct
23250,Python/85,Python,4,100,4,2,4,4,INFO,True,humaneval,codellama:34b-instruct
23251,Python/86,Python,4,100,4,2,4,4,INFO,True,humaneval,codellama:34b-instruct
23252,Python/87,Python,4,100,4,2,4,4,INFO,True,humaneval,codellama:34b-instruct
23253,Python/88,Python,4,100,4,2,4,4,INFO,True,humaneval,codellama:34b-instruct
23254,Python/89,Python,4,100,4,2,4,4,INFO,True,humaneval,codellama:34b-instruct
23255,Python/90,Python,4,100,4,2,4,4,INFO,True,humaneval,codellama:34b-instruct
23256,Python/91,Python,4,100,4,2,4,4,INFO,True,humaneval,codellama:34b-instruct
23257,Python/92,Python,4,100,4,2,4,4,INFO,True,humaneval,codellama:34b-instruct
23258,Python/93,Python,4,100,4,2,4,4,INFO,True,humaneval,codellama:34b-instruct
23259,Python/94,Python,4,100,4,2,4,4,INFO,True,humaneval,codellama:34b-instruct
23260,Python/95,Python,4,100,4,2,4,4,INFO,True,humaneval,codellama:34b-instruct
23261,Python/96,Python,4,100,4,2,4,4,INFO,True,humaneval,codellama:34b-instruct
23262,Python/97,Python,4,100,4,2,4,4,INFO,True,humaneval,codellama:34b-instruct
23263,Python/98,Python,4,100,4,2,4,4,INFO,True,humaneval,codellama:34b-instruct
23264,Python/99,Python,4,100,4,2,4,4,INFO,True,humaneval,codellama:34b-instruct
23265,Python/100,Python,4,100,4,2,4,4,INFO,True,humaneval,codellama:34b-instruct
23266,Python/101,Python,4,100,4,2,4,4,INFO,True,humaneval,codellama:34b-instruct
23267,Python/102,Python,4,100,4,2,4,4,INFO,True,humaneval,codellama:34b-instruct
23268,Python/103,Python,4,100,4,2,4,4,INFO,True,humaneval,codellama:34b-instruct
23269,Python/104,Python,4,100,4,2,4,4,INFO,True,humaneval,codellama:34b-instruct
23270,Python/105,Python,4,100,4,2,4,4,INFO,True,humaneval,codellama:34b-instruct
23271,Python/106,Python,4,100,4,2,4,4,INFO,True,humaneval,codellama:34b-instruct
23272,Python/107,Python,4,100,4,2,4,4,INFO,True,humaneval,codellama:34b-instruct
23273,Python/108,Python,4,100,4,2,4,4,INFO,True,humaneval,codellama:34b-instruct
23274,Python/109,Python,4,100,4,2,4,4,INFO,True,humaneval,codellama:34b-instruct
23275,Python/110,Python,4,100,4,2,4,4,INFO,True,humaneval,codellama:34b-instruct
23276,Python/111,Python,4,100,4,2,4,4,INFO,True,humaneval,codellama:34b-instruct
23277,Python/112,Python,4,100,4,2,4,4,INFO,True,humaneval,codellama:34b-instruct
23278,Python/113,Python,4,100,4,2,4,4,INFO,True,humaneval,codellama:34b-instruct
23279,Python/114,Python,4,100,4,2,4,4,INFO,True,humaneval,codellama:34b-instruct
23280,Python/115,Python,4,100,4,2,4,4,INFO,True,humaneval,codellama:34b-instruct
23281,Python/116,Python,4,100,4,2,4,4,INFO,True,humaneval,codellama:34b-instruct
23282,Python/117,Python,4,100,4,2,4,4,INFO,True,humaneval,codellama:34b-instruct
23283,Python/118,Python,4,100,4,2,4,4,INFO,True,humaneval,codellama:34b-instruct
23284,Python/119,Python,4,100,4,2,4,4,INFO,True,humaneval,codellama:34b-instruct
23285,Python/120,Python,4,100,4,2,4,4,INFO,True,humaneval,codellama:34b-instruct
23286,Python/121,Python,4,100,4,2,4,4,INFO,True,humaneval,codellama:34b-instruct
23287,Python/122,Python,4,100,4,2,4,4,INFO,True,humaneval,codellama:34b-instruct
23288,Python/123,Python,4,100,4,2,4,4,INFO,True,humaneval,codellama:34b-instruct
23289,Python/124,Python,4,100,4,2,4,4,INFO,True,humaneval,codellama:34b-instruct
23290,Python/125,Python,4,100,4,2,4,4,INFO,True,humaneval,codellama:34b-instruct
23291,Python/126,Python,4,100,4,2,4,4,INFO,True,humaneval,codellama:34b-instruct
23292,Python/127,Python,4,100,4,2,4,4,INFO,True,humaneval,codellama:34b-instruct
23293,Python/128,Python,4,100,4,2,4,4,INFO,True,humaneval,codellama:34b-instruct
23294,Python/129,Python,4,100,4,2,4,4,INFO,True,humaneval,codellama:34b-instruct
23295,Python/130,Python,4,100,4,2,4,4,INFO,True,humaneval,codellama:34b-instruct
23296,Python/131,Python,4,100,4,2,4,4,INFO,True,humaneval,codellama:34b-instruct
23297,Python/132,Python,4,100,4,2,4,4,INFO,True,humaneval,codellama:34b-instruct
23298,Python/133,Python,4,100,4,2,4,4,INFO,True,humaneval,codellama:34b-instruct
23299,Python/134,Python,4,100,4,2,4,4,INFO,True,humaneval,codellama:34b-instruct
23300,Python/135,Python,4,100,4,2,4,4,INFO,True,humaneval,codellama:34b-instruct
23301,Python/136,Python,4,100,4,2,4,4,INFO,True,humaneval,codellama:34b-instruct
23302,Python/137,Python,4,100,4,2,4,4,INFO,True,humaneval,codellama:34b-instruct
23303,Python/138,Python,4,100,4,2,4,4,INFO,True,humaneval,codellama:34b-instruct
23304,Python/139,Python,4,100,4,2,4,4,INFO,True,humaneval,codellama:34b-instruct
23305,Python/140,Python,4,100,4,2,4,4,INFO,True,humaneval,codellama:34b-instruct
23306,Python/141,Python,4,100,4,2,4,4,INFO,True,humaneval,codellama:34b-instruct
23307,Python/142,Python,4,100,4,2,4,4,INFO,True,humaneval,codellama:34b-instruct
23308,Python/143,Python,4,100,4,2,4,4,INFO,True,humaneval,codellama:34b-instruct
23309,Python/144,Python,4,100,4,2,4,4,INFO,True,humaneval,codellama:34b-instruct
23310,Python/145,Python,4,100,4,2,4,4,INFO,True,humaneval,codellama:34b-instruct
23311,Python/146,Python,4,100,4,2,4,4,INFO,True,humaneval,codellama:34b-instruct
23312,Python/147,Python,4,100,4,2,4,4,INFO,True,humaneval,codellama:34b-instruct
23313,Python/148,Python,4,100,4,2,4,4,INFO,True,humaneval,codellama:34b-instruct
23314,Python/149,Python,4,100,4,2,4,4,INFO,True,humaneval,codellama:34b-instruct
23315,Python/150,Python,4,100,4,2,4,4,INFO,True,humaneval,codellama:34b-instruct
23316,Python/151,Python,4,100,4,2,4,4,INFO,True,humaneval,codellama:34b-instruct
23317,Python/152,Python,4,100,4,2,4,4,INFO,True,humaneval,codellama:34b-instruct
23318,Python/153,Python,4,100,4,2,4,4,INFO,True,humaneval,codellama:34b-instruct
23319,Python/154,Python,4,100,4,2,4,4,INFO,True,humaneval,codellama:34b-instruct
23320,Python/155,Python,4,100,4,2,4,4,INFO,True,humaneval,codellama:34b-instruct
23321,Python/156,Python,4,100,4,2,4,4,INFO,True,humaneval,codellama:34b-instruct
23322,Python/157,Python,4,100,4,2,4,4,INFO,True,humaneval,codellama:34b-instruct
23323,Python/158,Python,4,100,4,2,4,4,INFO,True,humaneval,codellama:34b-instruct
23324,Python/159,Python,4,100,4,2,4,4,INFO,True,humaneval,codellama:34b-instruct
23325,Python/160,Python,4,100,4,2,4,4,INFO,True,humaneval,codellama:34b-instruct
23326,Python/161,Python,4,100,4,2,4,4,INFO,True,humaneval,codellama:34b-instruct
23327,Python/162,Python,4,100,4,2,4,4,INFO,True,humaneval,codellama:34b-instruct
23328,Python/163,Python,4,100,4,2,4,4,INFO,True,humaneval,codellama:34b-instruct
23329,Python/0,Python,16,100,16,2,16,16,INFO,True,humaneval,codellama:34b-instruct
23330,Python/1,Python,16,100,16,2,16,16,INFO,True,humaneval,codellama:34b-instruct
23331,Python/2,Python,16,100,16,2,16,16,INFO,True,humaneval,codellama:34b-instruct
23332,Python/3,Python,16,100,16,2,16,16,INFO,True,humaneval,codellama:34b-instruct
23333,Python/4,Python,16,100,16,2,16,16,INFO,True,humaneval,codellama:34b-instruct
23334,Python/5,Python,16,100,16,2,16,16,INFO,True,humaneval,codellama:34b-instruct
23335,Python/6,Python,16,100,16,2,16,16,INFO,True,humaneval,codellama:34b-instruct
23336,Python/7,Python,16,100,16,2,16,16,INFO,True,humaneval,codellama:34b-instruct
23337,Python/8,Python,16,100,16,2,16,16,INFO,True,humaneval,codellama:34b-instruct
23338,Python/9,Python,16,100,16,2,16,16,INFO,True,humaneval,codellama:34b-instruct
23339,Python/10,Python,16,100,16,2,16,16,INFO,True,humaneval,codellama:34b-instruct
23340,Python/11,Python,16,100,16,2,16,16,INFO,True,humaneval,codellama:34b-instruct
23341,Python/12,Python,16,100,16,2,16,16,INFO,True,humaneval,codellama:34b-instruct
23342,Python/13,Python,16,100,16,2,16,16,INFO,True,humaneval,codellama:34b-instruct
23343,Python/14,Python,16,100,16,2,16,16,INFO,True,humaneval,codellama:34b-instruct
23344,Python/15,Python,16,100,16,2,16,16,INFO,True,humaneval,codellama:34b-instruct
23345,Python/16,Python,16,100,16,2,16,16,INFO,True,humaneval,codellama:34b-instruct
23346,Python/17,Python,16,100,16,2,16,16,INFO,True,humaneval,codellama:34b-instruct
23347,Python/18,Python,16,100,16,2,16,16,INFO,True,humaneval,codellama:34b-instruct
23348,Python/19,Python,16,100,16,2,16,16,INFO,True,humaneval,codellama:34b-instruct
23349,Python/20,Python,16,100,16,2,16,16,INFO,True,humaneval,codellama:34b-instruct
23350,Python/21,Python,16,100,16,2,16,16,INFO,True,humaneval,codellama:34b-instruct
23351,Python/22,Python,16,100,16,2,16,16,INFO,True,humaneval,codellama:34b-instruct
23352,Python/23,Python,16,100,16,2,16,16,INFO,True,humaneval,codellama:34b-instruct
23353,Python/24,Python,16,100,16,2,16,16,INFO,True,humaneval,codellama:34b-instruct
23354,Python/25,Python,16,100,16,2,16,16,INFO,True,humaneval,codellama:34b-instruct
23355,Python/26,Python,16,100,16,2,16,16,INFO,True,humaneval,codellama:34b-instruct
23356,Python/27,Python,16,100,16,2,16,16,INFO,True,humaneval,codellama:34b-instruct
23357,Python/28,Python,16,100,16,2,16,16,INFO,True,humaneval,codellama:34b-instruct
23358,Python/29,Python,16,100,16,2,16,16,INFO,True,humaneval,codellama:34b-instruct
23359,Python/30,Python,16,100,16,2,16,16,INFO,True,humaneval,codellama:34b-instruct
23360,Python/31,Python,16,100,16,2,16,16,INFO,True,humaneval,codellama:34b-instruct
23361,Python/32,Python,16,100,16,2,16,16,INFO,True,humaneval,codellama:34b-instruct
23362,Python/33,Python,16,100,16,2,16,16,INFO,True,humaneval,codellama:34b-instruct
23363,Python/34,Python,16,100,16,2,16,16,INFO,True,humaneval,codellama:34b-instruct
23364,Python/35,Python,16,100,16,2,16,16,INFO,True,humaneval,codellama:34b-instruct
23365,Python/36,Python,16,100,16,2,16,16,INFO,True,humaneval,codellama:34b-instruct
23366,Python/37,Python,16,100,16,2,16,16,INFO,True,humaneval,codellama:34b-instruct
23367,Python/38,Python,16,100,16,2,16,16,INFO,True,humaneval,codellama:34b-instruct
23368,Python/39,Python,16,100,16,2,16,16,INFO,True,humaneval,codellama:34b-instruct
23369,Python/40,Python,16,100,16,2,16,16,INFO,True,humaneval,codellama:34b-instruct
23370,Python/41,Python,16,100,16,2,16,16,INFO,True,humaneval,codellama:34b-instruct
23371,Python/42,Python,16,100,16,2,16,16,INFO,True,humaneval,codellama:34b-instruct
23372,Python/43,Python,16,100,16,2,16,16,INFO,True,humaneval,codellama:34b-instruct
23373,Python/44,Python,16,100,16,2,16,16,INFO,True,humaneval,codellama:34b-instruct
23374,Python/45,Python,16,100,16,2,16,16,INFO,True,humaneval,codellama:34b-instruct
23375,Python/46,Python,16,100,16,2,16,16,INFO,True,humaneval,codellama:34b-instruct
23376,Python/47,Python,16,100,16,2,16,16,INFO,True,humaneval,codellama:34b-instruct
23377,Python/48,Python,16,100,16,2,16,16,INFO,True,humaneval,codellama:34b-instruct
23378,Python/49,Python,16,100,16,2,16,16,INFO,True,humaneval,codellama:34b-instruct
23379,Python/50,Python,16,100,16,2,16,16,INFO,True,humaneval,codellama:34b-instruct
23380,Python/51,Python,16,100,16,2,16,16,INFO,True,humaneval,codellama:34b-instruct
23381,Python/52,Python,16,100,16,2,16,16,INFO,True,humaneval,codellama:34b-instruct
23382,Python/53,Python,16,100,16,2,16,16,INFO,True,humaneval,codellama:34b-instruct
23383,Python/54,Python,16,100,16,2,16,16,INFO,True,humaneval,codellama:34b-instruct
23384,Python/55,Python,16,100,16,2,16,16,INFO,True,humaneval,codellama:34b-instruct
23385,Python/56,Python,16,100,16,2,16,16,INFO,True,humaneval,codellama:34b-instruct
23386,Python/57,Python,16,100,16,2,16,16,INFO,True,humaneval,codellama:34b-instruct
23387,Python/58,Python,16,100,16,2,16,16,INFO,True,humaneval,codellama:34b-instruct
23388,Python/59,Python,16,100,16,2,16,16,INFO,True,humaneval,codellama:34b-instruct
23389,Python/60,Python,16,100,16,2,16,16,INFO,True,humaneval,codellama:34b-instruct
23390,Python/61,Python,16,100,16,2,16,16,INFO,True,humaneval,codellama:34b-instruct
23391,Python/62,Python,16,100,16,2,16,16,INFO,True,humaneval,codellama:34b-instruct
23392,Python/63,Python,16,100,16,2,16,16,INFO,True,humaneval,codellama:34b-instruct
23393,Python/64,Python,16,100,16,2,16,16,INFO,True,humaneval,codellama:34b-instruct
23394,Python/65,Python,16,100,16,2,16,16,INFO,True,humaneval,codellama:34b-instruct
23395,Python/66,Python,16,100,16,2,16,16,INFO,True,humaneval,codellama:34b-instruct
23396,Python/67,Python,16,100,16,2,16,16,INFO,True,humaneval,codellama:34b-instruct
23397,Python/68,Python,16,100,16,2,16,16,INFO,True,humaneval,codellama:34b-instruct
23398,Python/69,Python,16,100,16,2,16,16,INFO,True,humaneval,codellama:34b-instruct
23399,Python/70,Python,16,100,16,2,16,16,INFO,True,humaneval,codellama:34b-instruct
23400,Python/71,Python,16,100,16,2,16,16,INFO,True,humaneval,codellama:34b-instruct
23401,Python/72,Python,16,100,16,2,16,16,INFO,True,humaneval,codellama:34b-instruct
23402,Python/73,Python,16,100,16,2,16,16,INFO,True,humaneval,codellama:34b-instruct
23403,Python/74,Python,16,100,16,2,16,16,INFO,True,humaneval,codellama:34b-instruct
23404,Python/75,Python,16,100,16,2,16,16,INFO,True,humaneval,codellama:34b-instruct
23405,Python/76,Python,16,100,16,2,16,16,INFO,True,humaneval,codellama:34b-instruct
23406,Python/77,Python,16,100,16,2,16,16,INFO,True,humaneval,codellama:34b-instruct
23407,Python/78,Python,16,100,16,2,16,16,INFO,True,humaneval,codellama:34b-instruct
23408,Python/79,Python,16,100,16,2,16,16,INFO,True,humaneval,codellama:34b-instruct
23409,Python/80,Python,16,100,16,2,16,16,INFO,True,humaneval,codellama:34b-instruct
23410,Python/81,Python,16,100,16,2,16,16,INFO,True,humaneval,codellama:34b-instruct
23411,Python/82,Python,16,100,16,2,16,16,INFO,True,humaneval,codellama:34b-instruct
23412,Python/83,Python,16,100,16,2,16,16,INFO,True,humaneval,codellama:34b-instruct
23413,Python/84,Python,16,100,16,2,16,16,INFO,True,humaneval,codellama:34b-instruct
23414,Python/85,Python,16,100,16,2,16,16,INFO,True,humaneval,codellama:34b-instruct
23415,Python/86,Python,16,100,16,2,16,16,INFO,True,humaneval,codellama:34b-instruct
23416,Python/87,Python,16,100,16,2,16,16,INFO,True,humaneval,codellama:34b-instruct
23417,Python/88,Python,16,100,16,2,16,16,INFO,True,humaneval,codellama:34b-instruct
23418,Python/89,Python,16,100,16,2,16,16,INFO,True,humaneval,codellama:34b-instruct
23419,Python/90,Python,16,100,16,2,16,16,INFO,True,humaneval,codellama:34b-instruct
23420,Python/91,Python,16,100,16,2,16,16,INFO,True,humaneval,codellama:34b-instruct
23421,Python/92,Python,16,100,16,2,16,16,INFO,True,humaneval,codellama:34b-instruct
23422,Python/93,Python,16,100,16,2,16,16,INFO,True,humaneval,codellama:34b-instruct
23423,Python/94,Python,16,100,16,2,16,16,INFO,True,humaneval,codellama:34b-instruct
23424,Python/95,Python,16,100,16,2,16,16,INFO,True,humaneval,codellama:34b-instruct
23425,Python/96,Python,16,100,16,2,16,16,INFO,True,humaneval,codellama:34b-instruct
23426,Python/97,Python,16,100,16,2,16,16,INFO,True,humaneval,codellama:34b-instruct
23427,Python/98,Python,16,100,16,2,16,16,INFO,True,humaneval,codellama:34b-instruct
23428,Python/99,Python,16,100,16,2,16,16,INFO,True,humaneval,codellama:34b-instruct
23429,Python/100,Python,16,100,16,2,16,16,INFO,True,humaneval,codellama:34b-instruct
23430,Python/101,Python,16,100,16,2,16,16,INFO,True,humaneval,codellama:34b-instruct
23431,Python/102,Python,16,100,16,2,16,16,INFO,True,humaneval,codellama:34b-instruct
23432,Python/103,Python,16,100,16,2,16,16,INFO,True,humaneval,codellama:34b-instruct
23433,Python/104,Python,16,100,16,2,16,16,INFO,True,humaneval,codellama:34b-instruct
23434,Python/105,Python,16,100,16,2,16,16,INFO,True,humaneval,codellama:34b-instruct
23435,Python/106,Python,16,100,16,2,16,16,INFO,True,humaneval,codellama:34b-instruct
23436,Python/107,Python,16,100,16,2,16,16,INFO,True,humaneval,codellama:34b-instruct
23437,Python/108,Python,16,100,16,2,16,16,INFO,True,humaneval,codellama:34b-instruct
23438,Python/109,Python,16,100,16,2,16,16,INFO,True,humaneval,codellama:34b-instruct
23439,Python/110,Python,16,100,16,2,16,16,INFO,True,humaneval,codellama:34b-instruct
23440,Python/111,Python,16,100,16,2,16,16,INFO,True,humaneval,codellama:34b-instruct
23441,Python/112,Python,16,100,16,2,16,16,INFO,True,humaneval,codellama:34b-instruct
23442,Python/113,Python,16,100,16,2,16,16,INFO,True,humaneval,codellama:34b-instruct
23443,Python/114,Python,16,100,16,2,16,16,INFO,True,humaneval,codellama:34b-instruct
23444,Python/115,Python,16,100,16,2,16,16,INFO,True,humaneval,codellama:34b-instruct
23445,Python/116,Python,16,100,16,2,16,16,INFO,True,humaneval,codellama:34b-instruct
23446,Python/117,Python,16,100,16,2,16,16,INFO,True,humaneval,codellama:34b-instruct
23447,Python/118,Python,16,100,16,2,16,16,INFO,True,humaneval,codellama:34b-instruct
23448,Python/119,Python,16,100,16,2,16,16,INFO,True,humaneval,codellama:34b-instruct
23449,Python/120,Python,16,100,16,2,16,16,INFO,True,humaneval,codellama:34b-instruct
23450,Python/121,Python,16,100,16,2,16,16,INFO,True,humaneval,codellama:34b-instruct
23451,Python/122,Python,16,100,16,2,16,16,INFO,True,humaneval,codellama:34b-instruct
23452,Python/123,Python,16,100,16,2,16,16,INFO,True,humaneval,codellama:34b-instruct
23453,Python/124,Python,16,100,16,2,16,16,INFO,True,humaneval,codellama:34b-instruct
23454,Python/125,Python,16,100,16,2,16,16,INFO,True,humaneval,codellama:34b-instruct
23455,Python/126,Python,16,100,16,2,16,16,INFO,True,humaneval,codellama:34b-instruct
23456,Python/127,Python,16,100,16,2,16,16,INFO,True,humaneval,codellama:34b-instruct
23457,Python/128,Python,16,100,16,2,16,16,INFO,True,humaneval,codellama:34b-instruct
23458,Python/129,Python,16,100,16,2,16,16,INFO,True,humaneval,codellama:34b-instruct
23459,Python/130,Python,16,100,16,2,16,16,INFO,True,humaneval,codellama:34b-instruct
23460,Python/131,Python,16,100,16,2,16,16,INFO,True,humaneval,codellama:34b-instruct
23461,Python/132,Python,16,100,16,2,16,16,INFO,True,humaneval,codellama:34b-instruct
23462,Python/133,Python,16,100,16,2,16,16,INFO,True,humaneval,codellama:34b-instruct
23463,Python/134,Python,16,100,16,2,16,16,INFO,True,humaneval,codellama:34b-instruct
23464,Python/135,Python,16,100,16,2,16,16,INFO,True,humaneval,codellama:34b-instruct
23465,Python/136,Python,16,100,16,2,16,16,INFO,True,humaneval,codellama:34b-instruct
23466,Python/137,Python,16,100,16,2,16,16,INFO,True,humaneval,codellama:34b-instruct
23467,Python/138,Python,16,100,16,2,16,16,INFO,True,humaneval,codellama:34b-instruct
23468,Python/139,Python,16,100,16,2,16,16,INFO,True,humaneval,codellama:34b-instruct
23469,Python/140,Python,16,100,16,2,16,16,INFO,True,humaneval,codellama:34b-instruct
23470,Python/141,Python,16,100,16,2,16,16,INFO,True,humaneval,codellama:34b-instruct
23471,Python/142,Python,16,100,16,2,16,16,INFO,True,humaneval,codellama:34b-instruct
23472,Python/143,Python,16,100,16,2,16,16,INFO,True,humaneval,codellama:34b-instruct
23473,Python/144,Python,16,100,16,2,16,16,INFO,True,humaneval,codellama:34b-instruct
23474,Python/145,Python,16,100,16,2,16,16,INFO,True,humaneval,codellama:34b-instruct
23475,Python/146,Python,16,100,16,2,16,16,INFO,True,humaneval,codellama:34b-instruct
23476,Python/147,Python,16,100,16,2,16,16,INFO,True,humaneval,codellama:34b-instruct
23477,Python/148,Python,16,100,16,2,16,16,INFO,True,humaneval,codellama:34b-instruct
23478,Python/149,Python,16,100,16,2,16,16,INFO,True,humaneval,codellama:34b-instruct
23479,Python/150,Python,16,100,16,2,16,16,INFO,True,humaneval,codellama:34b-instruct
23480,Python/151,Python,16,100,16,2,16,16,INFO,True,humaneval,codellama:34b-instruct
23481,Python/152,Python,16,100,16,2,16,16,INFO,True,humaneval,codellama:34b-instruct
23482,Python/153,Python,16,100,16,2,16,16,INFO,True,humaneval,codellama:34b-instruct
23483,Python/154,Python,16,100,16,2,16,16,INFO,True,humaneval,codellama:34b-instruct
23484,Python/155,Python,16,100,16,2,16,16,INFO,True,humaneval,codellama:34b-instruct
23485,Python/156,Python,16,100,16,2,16,16,INFO,True,humaneval,codellama:34b-instruct
23486,Python/157,Python,16,100,16,2,16,16,INFO,True,humaneval,codellama:34b-instruct
23487,Python/158,Python,16,100,16,2,16,16,INFO,True,humaneval,codellama:34b-instruct
23488,Python/159,Python,16,100,16,2,16,16,INFO,True,humaneval,codellama:34b-instruct
23489,Python/160,Python,16,100,16,2,16,16,INFO,True,humaneval,codellama:34b-instruct
23490,Python/161,Python,16,100,16,2,16,16,INFO,True,humaneval,codellama:34b-instruct
23491,Python/162,Python,16,100,16,2,16,16,INFO,True,humaneval,codellama:34b-instruct
23492,Python/163,Python,16,100,16,2,16,16,INFO,True,humaneval,codellama:34b-instruct
23493,Python/0,Python,10,100,10,2,10,10,INFO,True,humaneval,codellama:34b-instruct
23494,Python/1,Python,10,100,10,2,10,10,INFO,True,humaneval,codellama:34b-instruct
23495,Python/2,Python,10,100,10,2,10,10,INFO,True,humaneval,codellama:34b-instruct
23496,Python/3,Python,10,100,10,2,10,10,INFO,True,humaneval,codellama:34b-instruct
23497,Python/4,Python,10,100,10,2,10,10,INFO,True,humaneval,codellama:34b-instruct
23498,Python/5,Python,10,100,10,2,10,10,INFO,True,humaneval,codellama:34b-instruct
23499,Python/6,Python,10,100,10,2,10,10,INFO,True,humaneval,codellama:34b-instruct
23500,Python/7,Python,10,100,10,2,10,10,INFO,True,humaneval,codellama:34b-instruct
23501,Python/8,Python,10,100,10,2,10,10,INFO,True,humaneval,codellama:34b-instruct
23502,Python/9,Python,10,100,10,2,10,10,INFO,True,humaneval,codellama:34b-instruct
23503,Python/10,Python,10,100,10,2,10,10,INFO,True,humaneval,codellama:34b-instruct
23504,Python/11,Python,10,100,10,2,10,10,INFO,True,humaneval,codellama:34b-instruct
23505,Python/12,Python,10,100,10,2,10,10,INFO,True,humaneval,codellama:34b-instruct
23506,Python/13,Python,10,100,10,2,10,10,INFO,True,humaneval,codellama:34b-instruct
23507,Python/14,Python,10,100,10,2,10,10,INFO,True,humaneval,codellama:34b-instruct
23508,Python/15,Python,10,100,10,2,10,10,INFO,True,humaneval,codellama:34b-instruct
23509,Python/16,Python,10,100,10,2,10,10,INFO,True,humaneval,codellama:34b-instruct
23510,Python/17,Python,10,100,10,2,10,10,INFO,True,humaneval,codellama:34b-instruct
23511,Python/18,Python,10,100,10,2,10,10,INFO,True,humaneval,codellama:34b-instruct
23512,Python/19,Python,10,100,10,2,10,10,INFO,True,humaneval,codellama:34b-instruct
23513,Python/20,Python,10,100,10,2,10,10,INFO,True,humaneval,codellama:34b-instruct
23514,Python/21,Python,10,100,10,2,10,10,INFO,True,humaneval,codellama:34b-instruct
23515,Python/22,Python,10,100,10,2,10,10,INFO,True,humaneval,codellama:34b-instruct
23516,Python/23,Python,10,100,10,2,10,10,INFO,True,humaneval,codellama:34b-instruct
23517,Python/24,Python,10,100,10,2,10,10,INFO,True,humaneval,codellama:34b-instruct
23518,Python/25,Python,10,100,10,2,10,10,INFO,True,humaneval,codellama:34b-instruct
23519,Python/26,Python,10,100,10,2,10,10,INFO,True,humaneval,codellama:34b-instruct
23520,Python/27,Python,10,100,10,2,10,10,INFO,True,humaneval,codellama:34b-instruct
23521,Python/28,Python,10,100,10,2,10,10,INFO,True,humaneval,codellama:34b-instruct
23522,Python/29,Python,10,100,10,2,10,10,INFO,True,humaneval,codellama:34b-instruct
23523,Python/30,Python,10,100,10,2,10,10,INFO,True,humaneval,codellama:34b-instruct
23524,Python/31,Python,10,100,10,2,10,10,INFO,True,humaneval,codellama:34b-instruct
23525,Python/32,Python,10,100,10,2,10,10,INFO,True,humaneval,codellama:34b-instruct
23526,Python/33,Python,10,100,10,2,10,10,INFO,True,humaneval,codellama:34b-instruct
23527,Python/34,Python,10,100,10,2,10,10,INFO,True,humaneval,codellama:34b-instruct
23528,Python/35,Python,10,100,10,2,10,10,INFO,True,humaneval,codellama:34b-instruct
23529,Python/36,Python,10,100,10,2,10,10,INFO,True,humaneval,codellama:34b-instruct
23530,Python/37,Python,10,100,10,2,10,10,INFO,True,humaneval,codellama:34b-instruct
23531,Python/38,Python,10,100,10,2,10,10,INFO,True,humaneval,codellama:34b-instruct
23532,Python/39,Python,10,100,10,2,10,10,INFO,True,humaneval,codellama:34b-instruct
23533,Python/40,Python,10,100,10,2,10,10,INFO,True,humaneval,codellama:34b-instruct
23534,Python/41,Python,10,100,10,2,10,10,INFO,True,humaneval,codellama:34b-instruct
23535,Python/42,Python,10,100,10,2,10,10,INFO,True,humaneval,codellama:34b-instruct
23536,Python/43,Python,10,100,10,2,10,10,INFO,True,humaneval,codellama:34b-instruct
23537,Python/44,Python,10,100,10,2,10,10,INFO,True,humaneval,codellama:34b-instruct
23538,Python/45,Python,10,100,10,2,10,10,INFO,True,humaneval,codellama:34b-instruct
23539,Python/46,Python,10,100,10,2,10,10,INFO,True,humaneval,codellama:34b-instruct
23540,Python/47,Python,10,100,10,2,10,10,INFO,True,humaneval,codellama:34b-instruct
23541,Python/48,Python,10,100,10,2,10,10,INFO,True,humaneval,codellama:34b-instruct
23542,Python/49,Python,10,100,10,2,10,10,INFO,True,humaneval,codellama:34b-instruct
23543,Python/50,Python,10,100,10,2,10,10,INFO,True,humaneval,codellama:34b-instruct
23544,Python/51,Python,10,100,10,2,10,10,INFO,True,humaneval,codellama:34b-instruct
23545,Python/52,Python,10,100,10,2,10,10,INFO,True,humaneval,codellama:34b-instruct
23546,Python/53,Python,10,100,10,2,10,10,INFO,True,humaneval,codellama:34b-instruct
23547,Python/54,Python,10,100,10,2,10,10,INFO,True,humaneval,codellama:34b-instruct
23548,Python/55,Python,10,100,10,2,10,10,INFO,True,humaneval,codellama:34b-instruct
23549,Python/56,Python,10,100,10,2,10,10,INFO,True,humaneval,codellama:34b-instruct
23550,Python/57,Python,10,100,10,2,10,10,INFO,True,humaneval,codellama:34b-instruct
23551,Python/58,Python,10,100,10,2,10,10,INFO,True,humaneval,codellama:34b-instruct
23552,Python/59,Python,10,100,10,2,10,10,INFO,True,humaneval,codellama:34b-instruct
23553,Python/60,Python,10,100,10,2,10,10,INFO,True,humaneval,codellama:34b-instruct
23554,Python/61,Python,10,100,10,2,10,10,INFO,True,humaneval,codellama:34b-instruct
23555,Python/62,Python,10,100,10,2,10,10,INFO,True,humaneval,codellama:34b-instruct
23556,Python/63,Python,10,100,10,2,10,10,INFO,True,humaneval,codellama:34b-instruct
23557,Python/64,Python,10,100,10,2,10,10,INFO,True,humaneval,codellama:34b-instruct
23558,Python/65,Python,10,100,10,2,10,10,INFO,True,humaneval,codellama:34b-instruct
23559,Python/66,Python,10,100,10,2,10,10,INFO,True,humaneval,codellama:34b-instruct
23560,Python/67,Python,10,100,10,2,10,10,INFO,True,humaneval,codellama:34b-instruct
23561,Python/68,Python,10,100,10,2,10,10,INFO,True,humaneval,codellama:34b-instruct
23562,Python/69,Python,10,100,10,2,10,10,INFO,True,humaneval,codellama:34b-instruct
23563,Python/70,Python,10,100,10,2,10,10,INFO,True,humaneval,codellama:34b-instruct
23564,Python/71,Python,10,100,10,2,10,10,INFO,True,humaneval,codellama:34b-instruct
23565,Python/72,Python,10,100,10,2,10,10,INFO,True,humaneval,codellama:34b-instruct
23566,Python/73,Python,10,100,10,2,10,10,INFO,True,humaneval,codellama:34b-instruct
23567,Python/74,Python,10,100,10,2,10,10,INFO,True,humaneval,codellama:34b-instruct
23568,Python/75,Python,10,100,10,2,10,10,INFO,True,humaneval,codellama:34b-instruct
23569,Python/76,Python,10,100,10,2,10,10,INFO,True,humaneval,codellama:34b-instruct
23570,Python/77,Python,10,100,10,2,10,10,INFO,True,humaneval,codellama:34b-instruct
23571,Python/78,Python,10,100,10,2,10,10,INFO,True,humaneval,codellama:34b-instruct
23572,Python/79,Python,10,100,10,2,10,10,INFO,True,humaneval,codellama:34b-instruct
23573,Python/80,Python,10,100,10,2,10,10,INFO,True,humaneval,codellama:34b-instruct
23574,Python/81,Python,10,100,10,2,10,10,INFO,True,humaneval,codellama:34b-instruct
23575,Python/82,Python,10,100,10,2,10,10,INFO,True,humaneval,codellama:34b-instruct
23576,Python/83,Python,10,100,10,2,10,10,INFO,True,humaneval,codellama:34b-instruct
23577,Python/84,Python,10,100,10,2,10,10,INFO,True,humaneval,codellama:34b-instruct
23578,Python/85,Python,10,100,10,2,10,10,INFO,True,humaneval,codellama:34b-instruct
23579,Python/86,Python,10,100,10,2,10,10,INFO,True,humaneval,codellama:34b-instruct
23580,Python/87,Python,10,100,10,2,10,10,INFO,True,humaneval,codellama:34b-instruct
23581,Python/88,Python,10,100,10,2,10,10,INFO,True,humaneval,codellama:34b-instruct
23582,Python/89,Python,10,100,10,2,10,10,INFO,True,humaneval,codellama:34b-instruct
23583,Python/90,Python,10,100,10,2,10,10,INFO,True,humaneval,codellama:34b-instruct
23584,Python/91,Python,10,100,10,2,10,10,INFO,True,humaneval,codellama:34b-instruct
23585,Python/92,Python,10,100,10,2,10,10,INFO,True,humaneval,codellama:34b-instruct
23586,Python/93,Python,10,100,10,2,10,10,INFO,True,humaneval,codellama:34b-instruct
23587,Python/94,Python,10,100,10,2,10,10,INFO,True,humaneval,codellama:34b-instruct
23588,Python/95,Python,10,100,10,2,10,10,INFO,True,humaneval,codellama:34b-instruct
23589,Python/96,Python,10,100,10,2,10,10,INFO,True,humaneval,codellama:34b-instruct
23590,Python/97,Python,10,100,10,2,10,10,INFO,True,humaneval,codellama:34b-instruct
23591,Python/98,Python,10,100,10,2,10,10,INFO,True,humaneval,codellama:34b-instruct
23592,Python/99,Python,10,100,10,2,10,10,INFO,True,humaneval,codellama:34b-instruct
23593,Python/100,Python,10,100,10,2,10,10,INFO,True,humaneval,codellama:34b-instruct
23594,Python/101,Python,10,100,10,2,10,10,INFO,True,humaneval,codellama:34b-instruct
23595,Python/102,Python,10,100,10,2,10,10,INFO,True,humaneval,codellama:34b-instruct
23596,Python/103,Python,10,100,10,2,10,10,INFO,True,humaneval,codellama:34b-instruct
23597,Python/104,Python,10,100,10,2,10,10,INFO,True,humaneval,codellama:34b-instruct
23598,Python/105,Python,10,100,10,2,10,10,INFO,True,humaneval,codellama:34b-instruct
23599,Python/106,Python,10,100,10,2,10,10,INFO,True,humaneval,codellama:34b-instruct
23600,Python/107,Python,10,100,10,2,10,10,INFO,True,humaneval,codellama:34b-instruct
23601,Python/108,Python,10,100,10,2,10,10,INFO,True,humaneval,codellama:34b-instruct
23602,Python/109,Python,10,100,10,2,10,10,INFO,True,humaneval,codellama:34b-instruct
23603,Python/110,Python,10,100,10,2,10,10,INFO,True,humaneval,codellama:34b-instruct
23604,Python/111,Python,10,100,10,2,10,10,INFO,True,humaneval,codellama:34b-instruct
23605,Python/112,Python,10,100,10,2,10,10,INFO,True,humaneval,codellama:34b-instruct
23606,Python/113,Python,10,100,10,2,10,10,INFO,True,humaneval,codellama:34b-instruct
23607,Python/114,Python,10,100,10,2,10,10,INFO,True,humaneval,codellama:34b-instruct
23608,Python/115,Python,10,100,10,2,10,10,INFO,True,humaneval,codellama:34b-instruct
23609,Python/116,Python,10,100,10,2,10,10,INFO,True,humaneval,codellama:34b-instruct
23610,Python/117,Python,10,100,10,2,10,10,INFO,True,humaneval,codellama:34b-instruct
23611,Python/118,Python,10,100,10,2,10,10,INFO,True,humaneval,codellama:34b-instruct
23612,Python/119,Python,10,100,10,2,10,10,INFO,True,humaneval,codellama:34b-instruct
23613,Python/120,Python,10,100,10,2,10,10,INFO,True,humaneval,codellama:34b-instruct
23614,Python/121,Python,10,100,10,2,10,10,INFO,True,humaneval,codellama:34b-instruct
23615,Python/122,Python,10,100,10,2,10,10,INFO,True,humaneval,codellama:34b-instruct
23616,Python/123,Python,10,100,10,2,10,10,INFO,True,humaneval,codellama:34b-instruct
23617,Python/124,Python,10,100,10,2,10,10,INFO,True,humaneval,codellama:34b-instruct
23618,Python/125,Python,10,100,10,2,10,10,INFO,True,humaneval,codellama:34b-instruct
23619,Python/126,Python,10,100,10,2,10,10,INFO,True,humaneval,codellama:34b-instruct
23620,Python/127,Python,10,100,10,2,10,10,INFO,True,humaneval,codellama:34b-instruct
23621,Python/128,Python,10,100,10,2,10,10,INFO,True,humaneval,codellama:34b-instruct
23622,Python/129,Python,10,100,10,2,10,10,INFO,True,humaneval,codellama:34b-instruct
23623,Python/130,Python,10,100,10,2,10,10,INFO,True,humaneval,codellama:34b-instruct
23624,Python/131,Python,10,100,10,2,10,10,INFO,True,humaneval,codellama:34b-instruct
23625,Python/132,Python,10,100,10,2,10,10,INFO,True,humaneval,codellama:34b-instruct
23626,Python/133,Python,10,100,10,2,10,10,INFO,True,humaneval,codellama:34b-instruct
23627,Python/134,Python,10,100,10,2,10,10,INFO,True,humaneval,codellama:34b-instruct
23628,Python/135,Python,10,100,10,2,10,10,INFO,True,humaneval,codellama:34b-instruct
23629,Python/136,Python,10,100,10,2,10,10,INFO,True,humaneval,codellama:34b-instruct
23630,Python/137,Python,10,100,10,2,10,10,INFO,True,humaneval,codellama:34b-instruct
23631,Python/138,Python,10,100,10,2,10,10,INFO,True,humaneval,codellama:34b-instruct
23632,Python/139,Python,10,100,10,2,10,10,INFO,True,humaneval,codellama:34b-instruct
23633,Python/140,Python,10,100,10,2,10,10,INFO,True,humaneval,codellama:34b-instruct
23634,Python/141,Python,10,100,10,2,10,10,INFO,True,humaneval,codellama:34b-instruct
23635,Python/142,Python,10,100,10,2,10,10,INFO,True,humaneval,codellama:34b-instruct
23636,Python/143,Python,10,100,10,2,10,10,INFO,True,humaneval,codellama:34b-instruct
23637,Python/144,Python,10,100,10,2,10,10,INFO,True,humaneval,codellama:34b-instruct
23638,Python/145,Python,10,100,10,2,10,10,INFO,True,humaneval,codellama:34b-instruct
23639,Python/146,Python,10,100,10,2,10,10,INFO,True,humaneval,codellama:34b-instruct
23640,Python/147,Python,10,100,10,2,10,10,INFO,True,humaneval,codellama:34b-instruct
23641,Python/148,Python,10,100,10,2,10,10,INFO,True,humaneval,codellama:34b-instruct
23642,Python/149,Python,10,100,10,2,10,10,INFO,True,humaneval,codellama:34b-instruct
23643,Python/150,Python,10,100,10,2,10,10,INFO,True,humaneval,codellama:34b-instruct
23644,Python/151,Python,10,100,10,2,10,10,INFO,True,humaneval,codellama:34b-instruct
23645,Python/152,Python,10,100,10,2,10,10,INFO,True,humaneval,codellama:34b-instruct
23646,Python/153,Python,10,100,10,2,10,10,INFO,True,humaneval,codellama:34b-instruct
23647,Python/154,Python,10,100,10,2,10,10,INFO,True,humaneval,codellama:34b-instruct
23648,Python/155,Python,10,100,10,2,10,10,INFO,True,humaneval,codellama:34b-instruct
23649,Python/156,Python,10,100,10,2,10,10,INFO,True,humaneval,codellama:34b-instruct
23650,Python/157,Python,10,100,10,2,10,10,INFO,True,humaneval,codellama:34b-instruct
23651,Python/158,Python,10,100,10,2,10,10,INFO,True,humaneval,codellama:34b-instruct
23652,Python/159,Python,10,100,10,2,10,10,INFO,True,humaneval,codellama:34b-instruct
23653,Python/160,Python,10,100,10,2,10,10,INFO,True,humaneval,codellama:34b-instruct
23654,Python/161,Python,10,100,10,2,10,10,INFO,True,humaneval,codellama:34b-instruct
23655,Python/162,Python,10,100,10,2,10,10,INFO,True,humaneval,codellama:34b-instruct
23656,Python/163,Python,10,100,10,2,10,10,INFO,True,humaneval,codellama:34b-instruct
